instance_id,dataset_path,checkpoint_label,checkpoint_path,tardiness_rate,makespan,mean_machine_utilization,decisions,dominant_action,dominant_fraction,status,error,count_MRT_DR_O,fraction_MRT_DR_O,count_LRT_DR_O,fraction_LRT_DR_O,count_SPT_DR_O,fraction_SPT_DR_O,count_EDD_DR_O,fraction_EDD_DR_O,count_MCR_DR_O,fraction_MCR_DR_O,count_CR_DR_O,fraction_CR_DR_O,count_ATC_DR_O,fraction_ATC_DR_O,count_LSPO_DR_O,fraction_LSPO_DR_O,count_SLK_DR_O,fraction_SLK_DR_O
j100_m15_ddt0.5_arr100_seed707,outputs/expanded-dense-multiseed-20260721/dense/test/datasets/j100_m15_ddt0.5_arr100_seed707.ini,11,"outputs/expanded-dense-multiseed-20260721/dense/agents/seed-11/Best_agent_hidden_layers_7neurons_per_layer_[207, 145, 78, 79, 205, 105, 217]_batch_size_32.pth",0.6876574307304786,6044,70.48091771453782,815,SPT_DR_O,1.0,ok,,0,0.0,0,0.0,815,1.0,0,0.0,0,0.0,0,0.0,0,0.0,0,0.0,0,0.0
j100_m15_ddt0.5_arr100_seed808,outputs/expanded-dense-multiseed-20260721/dense/test/datasets/j100_m15_ddt0.5_arr100_seed808.ini,11,"outputs/expanded-dense-multiseed-20260721/dense/agents/seed-11/Best_agent_hidden_layers_7neurons_per_layer_[207, 145, 78, 79, 205, 105, 217]_batch_size_32.pth",0.6887254901960784,5741,75.92753875631425,835,SPT_DR_O,1.0,ok,,0,0.0,0,0.0,835,1.0,0,0.0,0,0.0,0,0.0,0,0.0,0,0.0,0,0.0
j100_m15_ddt0.5_arr100_seed909,outputs/expanded-dense-multiseed-20260721/dense/test/datasets/j100_m15_ddt0.5_arr100_seed909.ini,11,"outputs/expanded-dense-multiseed-20260721/dense/agents/seed-11/Best_agent_hidden_layers_7neurons_per_layer_[207, 145, 78, 79, 205, 105, 217]_batch_size_32.pth",0.6858895705521473,5522,77.19183870578291,833,SPT_DR_O,1.0,ok,,0,0.0,0,0.0,833,1.0,0,0.0,0,0.0,0,0.0,0,0.0,0,0.0,0,0.0
j100_m15_ddt0.5_arr200_seed707,outputs/expanded-dense-multiseed-20260721/dense/test/datasets/j100_m15_ddt0.5_arr200_seed707.ini,11,"outputs/expanded-dense-multiseed-20260721/dense/agents/seed-11/Best_agent_hidden_layers_7neurons_per_layer_[207, 145, 78, 79, 205, 105, 217]_batch_size_32.pth",0.6473551637279596,11340,38.7501469723692,818,SPT_DR_O,1.0,ok,,0,0.0,0,0.0,818,1.0,0,0.0,0,0.0,0,0.0,0,0.0,0,0.0,0,0.0
j100_m15_ddt0.5_arr200_seed808,outputs/expanded-dense-multiseed-20260721/dense/test/datasets/j100_m15_ddt0.5_arr200_seed808.ini,11,"outputs/expanded-dense-multiseed-20260721/dense/agents/seed-11/Best_agent_hidden_layers_7neurons_per_layer_[207, 145, 78, 79, 205, 105, 217]_batch_size_32.pth",0.6580882352941176,10655,42.0685124354763,835,SPT_DR_O,1.0,ok,,0,0.0,0,0.0,835,1.0,0,0.0,0,0.0,0,0.0,0,0.0,0,0.0,0,0.0
j100_m15_ddt0.5_arr200_seed909,outputs/expanded-dense-multiseed-20260721/dense/test/datasets/j100_m15_ddt0.5_arr200_seed909.ini,11,"outputs/expanded-dense-multiseed-20260721/dense/agents/seed-11/Best_agent_hidden_layers_7neurons_per_layer_[207, 145, 78, 79, 205, 105, 217]_batch_size_32.pth",0.6368098159509202,10245,44.07418252806247,838,SPT_DR_O,1.0,ok,,0,0.0,0,0.0,838,1.0,0,0.0,0,0.0,0,0.0,0,0.0,0,0.0,0,0.0
j100_m15_ddt0.5_arr50_seed707,outputs/expanded-dense-multiseed-20260721/dense/test/datasets/j100_m15_ddt0.5_arr50_seed707.ini,11,"outputs/expanded-dense-multiseed-20260721/dense/agents/seed-11/Best_agent_hidden_layers_7neurons_per_layer_[207, 145, 78, 79, 205, 105, 217]_batch_size_32.pth",0.7581863979848866,5352,75.41604384653712,813,SPT_DR_O,1.0,ok,,0,0.0,0,0.0,813,1.0,0,0.0,0,0.0,0,0.0,0,0.0,0,0.0,0,0.0
j100_m15_ddt0.5_arr50_seed808,outputs/expanded-dense-multiseed-20260721/dense/test/datasets/j100_m15_ddt0.5_arr50_seed808.ini,11,"outputs/expanded-dense-multiseed-20260721/dense/agents/seed-11/Best_agent_hidden_layers_7neurons_per_layer_[207, 145, 78, 79, 205, 105, 217]_batch_size_32.pth",0.7659313725490197,5344,77.09456087824351,836,SPT_DR_O,1.0,ok,,0,0.0,0,0.0,836,1.0,0,0.0,0,0.0,0,0.0,0,0.0,0,0.0,0,0.0
j100_m15_ddt0.5_arr50_seed909,outputs/expanded-dense-multiseed-20260721/dense/test/datasets/j100_m15_ddt0.5_arr50_seed909.ini,11,"outputs/expanded-dense-multiseed-20260721/dense/agents/seed-11/Best_agent_hidden_layers_7neurons_per_layer_[207, 145, 78, 79, 205, 105, 217]_batch_size_32.pth",0.7631901840490798,5115,80.19811013359401,832,SPT_DR_O,1.0,ok,,0,0.0,0,0.0,832,1.0,0,0.0,0,0.0,0,0.0,0,0.0,0,0.0,0,0.0
j100_m15_ddt1.5_arr100_seed707,outputs/expanded-dense-multiseed-20260721/dense/test/datasets/j100_m15_ddt1.5_arr100_seed707.ini,11,"outputs/expanded-dense-multiseed-20260721/dense/agents/seed-11/Best_agent_hidden_layers_7neurons_per_layer_[207, 145, 78, 79, 205, 105, 217]_batch_size_32.pth",0.2695214105793451,6044,70.48091771453782,815,SPT_DR_O,1.0,ok,,0,0.0,0,0.0,815,1.0,0,0.0,0,0.0,0,0.0,0,0.0,0,0.0,0,0.0
j100_m15_ddt1.5_arr100_seed808,outputs/expanded-dense-multiseed-20260721/dense/test/datasets/j100_m15_ddt1.5_arr100_seed808.ini,11,"outputs/expanded-dense-multiseed-20260721/dense/agents/seed-11/Best_agent_hidden_layers_7neurons_per_layer_[207, 145, 78, 79, 205, 105, 217]_batch_size_32.pth",0.2855392156862745,5741,75.92753875631425,835,SPT_DR_O,1.0,ok,,0,0.0,0,0.0,835,1.0,0,0.0,0,0.0,0,0.0,0,0.0,0,0.0,0,0.0
j100_m15_ddt1.5_arr100_seed909,outputs/expanded-dense-multiseed-20260721/dense/test/datasets/j100_m15_ddt1.5_arr100_seed909.ini,11,"outputs/expanded-dense-multiseed-20260721/dense/agents/seed-11/Best_agent_hidden_layers_7neurons_per_layer_[207, 145, 78, 79, 205, 105, 217]_batch_size_32.pth",0.2871165644171779,5522,77.19183870578291,833,SPT_DR_O,1.0,ok,,0,0.0,0,0.0,833,1.0,0,0.0,0,0.0,0,0.0,0,0.0,0,0.0,0,0.0
j100_m15_ddt1.5_arr200_seed707,outputs/expanded-dense-multiseed-20260721/dense/test/datasets/j100_m15_ddt1.5_arr200_seed707.ini,11,"outputs/expanded-dense-multiseed-20260721/dense/agents/seed-11/Best_agent_hidden_layers_7neurons_per_layer_[207, 145, 78, 79, 205, 105, 217]_batch_size_32.pth",0.22292191435768263,11340,38.7501469723692,818,SPT_DR_O,1.0,ok,,0,0.0,0,0.0,818,1.0,0,0.0,0,0.0,0,0.0,0,0.0,0,0.0,0,0.0
j100_m15_ddt1.5_arr200_seed808,outputs/expanded-dense-multiseed-20260721/dense/test/datasets/j100_m15_ddt1.5_arr200_seed808.ini,11,"outputs/expanded-dense-multiseed-20260721/dense/agents/seed-11/Best_agent_hidden_layers_7neurons_per_layer_[207, 145, 78, 79, 205, 105, 217]_batch_size_32.pth",0.26348039215686275,10655,42.0685124354763,835,SPT_DR_O,1.0,ok,,0,0.0,0,0.0,835,1.0,0,0.0,0,0.0,0,0.0,0,0.0,0,0.0,0,0.0
j100_m15_ddt1.5_arr200_seed909,outputs/expanded-dense-multiseed-20260721/dense/test/datasets/j100_m15_ddt1.5_arr200_seed909.ini,11,"outputs/expanded-dense-multiseed-20260721/dense/agents/seed-11/Best_agent_hidden_layers_7neurons_per_layer_[207, 145, 78, 79, 205, 105, 217]_batch_size_32.pth",0.23190184049079754,10245,44.07418252806247,838,SPT_DR_O,1.0,ok,,0,0.0,0,0.0,838,1.0,0,0.0,0,0.0,0,0.0,0,0.0,0,0.0,0,0.0
j100_m15_ddt1.5_arr50_seed707,outputs/expanded-dense-multiseed-20260721/dense/test/datasets/j100_m15_ddt1.5_arr50_seed707.ini,11,"outputs/expanded-dense-multiseed-20260721/dense/agents/seed-11/Best_agent_hidden_layers_7neurons_per_layer_[207, 145, 78, 79, 205, 105, 217]_batch_size_32.pth",0.42191435768261965,5352,75.41604384653712,813,SPT_DR_O,1.0,ok,,0,0.0,0,0.0,813,1.0,0,0.0,0,0.0,0,0.0,0,0.0,0,0.0,0,0.0
j100_m15_ddt1.5_arr50_seed808,outputs/expanded-dense-multiseed-20260721/dense/test/datasets/j100_m15_ddt1.5_arr50_seed808.ini,11,"outputs/expanded-dense-multiseed-20260721/dense/agents/seed-11/Best_agent_hidden_layers_7neurons_per_layer_[207, 145, 78, 79, 205, 105, 217]_batch_size_32.pth",0.4338235294117647,5344,77.09456087824351,836,SPT_DR_O,1.0,ok,,0,0.0,0,0.0,836,1.0,0,0.0,0,0.0,0,0.0,0,0.0,0,0.0,0,0.0
j100_m15_ddt1.5_arr50_seed909,outputs/expanded-dense-multiseed-20260721/dense/test/datasets/j100_m15_ddt1.5_arr50_seed909.ini,11,"outputs/expanded-dense-multiseed-20260721/dense/agents/seed-11/Best_agent_hidden_layers_7neurons_per_layer_[207, 145, 78, 79, 205, 105, 217]_batch_size_32.pth",0.4699386503067485,5115,80.19811013359401,832,SPT_DR_O,1.0,ok,,0,0.0,0,0.0,832,1.0,0,0.0,0,0.0,0,0.0,0,0.0,0,0.0,0,0.0
j100_m15_ddt1_arr100_seed707,outputs/expanded-dense-multiseed-20260721/dense/test/datasets/j100_m15_ddt1_arr100_seed707.ini,11,"outputs/expanded-dense-multiseed-20260721/dense/agents/seed-11/Best_agent_hidden_layers_7neurons_per_layer_[207, 145, 78, 79, 205, 105, 217]_batch_size_32.pth",0.42317380352644834,6044,70.48091771453782,815,SPT_DR_O,1.0,ok,,0,0.0,0,0.0,815,1.0,0,0.0,0,0.0,0,0.0,0,0.0,0,0.0,0,0.0
j100_m15_ddt1_arr100_seed808,outputs/expanded-dense-multiseed-20260721/dense/test/datasets/j100_m15_ddt1_arr100_seed808.ini,11,"outputs/expanded-dense-multiseed-20260721/dense/agents/seed-11/Best_agent_hidden_layers_7neurons_per_layer_[207, 145, 78, 79, 205, 105, 217]_batch_size_32.pth",0.40808823529411764,5741,75.92753875631425,835,SPT_DR_O,1.0,ok,,0,0.0,0,0.0,835,1.0,0,0.0,0,0.0,0,0.0,0,0.0,0,0.0,0,0.0
j100_m15_ddt1_arr100_seed909,outputs/expanded-dense-multiseed-20260721/dense/test/datasets/j100_m15_ddt1_arr100_seed909.ini,11,"outputs/expanded-dense-multiseed-20260721/dense/agents/seed-11/Best_agent_hidden_layers_7neurons_per_layer_[207, 145, 78, 79, 205, 105, 217]_batch_size_32.pth",0.41840490797546015,5522,77.19183870578291,833,SPT_DR_O,1.0,ok,,0,0.0,0,0.0,833,1.0,0,0.0,0,0.0,0,0.0,0,0.0,0,0.0,0,0.0
j100_m15_ddt1_arr200_seed707,outputs/expanded-dense-multiseed-20260721/dense/test/datasets/j100_m15_ddt1_arr200_seed707.ini,11,"outputs/expanded-dense-multiseed-20260721/dense/agents/seed-11/Best_agent_hidden_layers_7neurons_per_layer_[207, 145, 78, 79, 205, 105, 217]_batch_size_32.pth",0.35516372795969775,11340,38.7501469723692,818,SPT_DR_O,1.0,ok,,0,0.0,0,0.0,818,1.0,0,0.0,0,0.0,0,0.0,0,0.0,0,0.0,0,0.0
j100_m15_ddt1_arr200_seed808,outputs/expanded-dense-multiseed-20260721/dense/test/datasets/j100_m15_ddt1_arr200_seed808.ini,11,"outputs/expanded-dense-multiseed-20260721/dense/agents/seed-11/Best_agent_hidden_layers_7neurons_per_layer_[207, 145, 78, 79, 205, 105, 217]_batch_size_32.pth",0.3762254901960784,10655,42.0685124354763,835,SPT_DR_O,1.0,ok,,0,0.0,0,0.0,835,1.0,0,0.0,0,0.0,0,0.0,0,0.0,0,0.0,0,0.0
j100_m15_ddt1_arr200_seed909,outputs/expanded-dense-multiseed-20260721/dense/test/datasets/j100_m15_ddt1_arr200_seed909.ini,11,"outputs/expanded-dense-multiseed-20260721/dense/agents/seed-11/Best_agent_hidden_layers_7neurons_per_layer_[207, 145, 78, 79, 205, 105, 217]_batch_size_32.pth",0.3337423312883436,10245,44.07418252806247,838,SPT_DR_O,1.0,ok,,0,0.0,0,0.0,838,1.0,0,0.0,0,0.0,0,0.0,0,0.0,0,0.0,0,0.0
j100_m15_ddt1_arr50_seed707,outputs/expanded-dense-multiseed-20260721/dense/test/datasets/j100_m15_ddt1_arr50_seed707.ini,11,"outputs/expanded-dense-multiseed-20260721/dense/agents/seed-11/Best_agent_hidden_layers_7neurons_per_layer_[207, 145, 78, 79, 205, 105, 217]_batch_size_32.pth",0.5793450881612091,5352,75.41604384653712,813,SPT_DR_O,1.0,ok,,0,0.0,0,0.0,813,1.0,0,0.0,0,0.0,0,0.0,0,0.0,0,0.0,0,0.0
j100_m15_ddt1_arr50_seed808,outputs/expanded-dense-multiseed-20260721/dense/test/datasets/j100_m15_ddt1_arr50_seed808.ini,11,"outputs/expanded-dense-multiseed-20260721/dense/agents/seed-11/Best_agent_hidden_layers_7neurons_per_layer_[207, 145, 78, 79, 205, 105, 217]_batch_size_32.pth",0.5772058823529411,5344,77.09456087824351,836,SPT_DR_O,1.0,ok,,0,0.0,0,0.0,836,1.0,0,0.0,0,0.0,0,0.0,0,0.0,0,0.0,0,0.0
j100_m15_ddt1_arr50_seed909,outputs/expanded-dense-multiseed-20260721/dense/test/datasets/j100_m15_ddt1_arr50_seed909.ini,11,"outputs/expanded-dense-multiseed-20260721/dense/agents/seed-11/Best_agent_hidden_layers_7neurons_per_layer_[207, 145, 78, 79, 205, 105, 217]_batch_size_32.pth",0.6024539877300613,5115,80.19811013359401,832,SPT_DR_O,1.0,ok,,0,0.0,0,0.0,832,1.0,0,0.0,0,0.0,0,0.0,0,0.0,0,0.0,0,0.0
j20_m15_ddt0.5_arr100_seed707,outputs/expanded-dense-multiseed-20260721/dense/test/datasets/j20_m15_ddt0.5_arr100_seed707.ini,11,"outputs/expanded-dense-multiseed-20260721/dense/agents/seed-11/Best_agent_hidden_layers_7neurons_per_layer_[207, 145, 78, 79, 205, 105, 217]_batch_size_32.pth",0.5,1528,61.37434554973823,160,SPT_DR_O,1.0,ok,,0,0.0,0,0.0,160,1.0,0,0.0,0,0.0,0,0.0,0,0.0,0,0.0,0,0.0
j20_m15_ddt0.5_arr100_seed808,outputs/expanded-dense-multiseed-20260721/dense/test/datasets/j20_m15_ddt0.5_arr100_seed808.ini,11,"outputs/expanded-dense-multiseed-20260721/dense/agents/seed-11/Best_agent_hidden_layers_7neurons_per_layer_[207, 145, 78, 79, 205, 105, 217]_batch_size_32.pth",0.47333333333333333,1737,50.28593360199578,150,SPT_DR_O,1.0,ok,,0,0.0,0,0.0,150,1.0,0,0.0,0,0.0,0,0.0,0,0.0,0,0.0,0,0.0
j20_m15_ddt0.5_arr100_seed909,outputs/expanded-dense-multiseed-20260721/dense/test/datasets/j20_m15_ddt0.5_arr100_seed909.ini,11,"outputs/expanded-dense-multiseed-20260721/dense/agents/seed-11/Best_agent_hidden_layers_7neurons_per_layer_[207, 145, 78, 79, 205, 105, 217]_batch_size_32.pth",0.4605263157894737,1523,58.949441891004604,152,SPT_DR_O,1.0,ok,,0,0.0,0,0.0,152,1.0,0,0.0,0,0.0,0,0.0,0,0.0,0,0.0,0,0.0
j20_m15_ddt0.5_arr200_seed707,outputs/expanded-dense-multiseed-20260721/dense/test/datasets/j20_m15_ddt0.5_arr200_seed707.ini,11,"outputs/expanded-dense-multiseed-20260721/dense/agents/seed-11/Best_agent_hidden_layers_7neurons_per_layer_[207, 145, 78, 79, 205, 105, 217]_batch_size_32.pth",0.4875,1998,47.600934267600934,160,SPT_DR_O,1.0,ok,,0,0.0,0,0.0,160,1.0,0,0.0,0,0.0,0,0.0,0,0.0,0,0.0,0,0.0
j20_m15_ddt0.5_arr200_seed808,outputs/expanded-dense-multiseed-20260721/dense/test/datasets/j20_m15_ddt0.5_arr200_seed808.ini,11,"outputs/expanded-dense-multiseed-20260721/dense/agents/seed-11/Best_agent_hidden_layers_7neurons_per_layer_[207, 145, 78, 79, 205, 105, 217]_batch_size_32.pth",0.4533333333333333,2599,33.53084519687059,150,SPT_DR_O,1.0,ok,,0,0.0,0,0.0,150,1.0,0,0.0,0,0.0,0,0.0,0,0.0,0,0.0,0,0.0
j20_m15_ddt0.5_arr200_seed909,outputs/expanded-dense-multiseed-20260721/dense/test/datasets/j20_m15_ddt0.5_arr200_seed909.ini,11,"outputs/expanded-dense-multiseed-20260721/dense/agents/seed-11/Best_agent_hidden_layers_7neurons_per_layer_[207, 145, 78, 79, 205, 105, 217]_batch_size_32.pth",0.4276315789473684,2241,39.28008329614755,152,SPT_DR_O,1.0,ok,,0,0.0,0,0.0,152,1.0,0,0.0,0,0.0,0,0.0,0,0.0,0,0.0,0,0.0
j20_m15_ddt0.5_arr50_seed707,outputs/expanded-dense-multiseed-20260721/dense/test/datasets/j20_m15_ddt0.5_arr50_seed707.ini,11,"outputs/expanded-dense-multiseed-20260721/dense/agents/seed-11/Best_agent_hidden_layers_7neurons_per_layer_[207, 145, 78, 79, 205, 105, 217]_batch_size_32.pth",0.53125,1166,77.5871926815323,160,SPT_DR_O,1.0,ok,,0,0.0,0,0.0,160,1.0,0,0.0,0,0.0,0,0.0,0,0.0,0,0.0,0,0.0
j20_m15_ddt0.5_arr50_seed808,outputs/expanded-dense-multiseed-20260721/dense/test/datasets/j20_m15_ddt0.5_arr50_seed808.ini,11,"outputs/expanded-dense-multiseed-20260721/dense/agents/seed-11/Best_agent_hidden_layers_7neurons_per_layer_[207, 145, 78, 79, 205, 105, 217]_batch_size_32.pth",0.49333333333333335,1306,66.9576314446146,150,SPT_DR_O,1.0,ok,,0,0.0,0,0.0,150,1.0,0,0.0,0,0.0,0,0.0,0,0.0,0,0.0,0,0.0
j20_m15_ddt0.5_arr50_seed909,outputs/expanded-dense-multiseed-20260721/dense/test/datasets/j20_m15_ddt0.5_arr50_seed909.ini,11,"outputs/expanded-dense-multiseed-20260721/dense/agents/seed-11/Best_agent_hidden_layers_7neurons_per_layer_[207, 145, 78, 79, 205, 105, 217]_batch_size_32.pth",0.5,1315,67.15842839036755,152,SPT_DR_O,1.0,ok,,0,0.0,0,0.0,152,1.0,0,0.0,0,0.0,0,0.0,0,0.0,0,0.0,0,0.0
j20_m15_ddt1.5_arr100_seed707,outputs/expanded-dense-multiseed-20260721/dense/test/datasets/j20_m15_ddt1.5_arr100_seed707.ini,11,"outputs/expanded-dense-multiseed-20260721/dense/agents/seed-11/Best_agent_hidden_layers_7neurons_per_layer_[207, 145, 78, 79, 205, 105, 217]_batch_size_32.pth",0.0,1528,61.37434554973823,160,SPT_DR_O,1.0,ok,,0,0.0,0,0.0,160,1.0,0,0.0,0,0.0,0,0.0,0,0.0,0,0.0,0,0.0
j20_m15_ddt1.5_arr100_seed808,outputs/expanded-dense-multiseed-20260721/dense/test/datasets/j20_m15_ddt1.5_arr100_seed808.ini,11,"outputs/expanded-dense-multiseed-20260721/dense/agents/seed-11/Best_agent_hidden_layers_7neurons_per_layer_[207, 145, 78, 79, 205, 105, 217]_batch_size_32.pth",0.0,1737,50.28593360199578,150,SPT_DR_O,1.0,ok,,0,0.0,0,0.0,150,1.0,0,0.0,0,0.0,0,0.0,0,0.0,0,0.0,0,0.0
j20_m15_ddt1.5_arr100_seed909,outputs/expanded-dense-multiseed-20260721/dense/test/datasets/j20_m15_ddt1.5_arr100_seed909.ini,11,"outputs/expanded-dense-multiseed-20260721/dense/agents/seed-11/Best_agent_hidden_layers_7neurons_per_layer_[207, 145, 78, 79, 205, 105, 217]_batch_size_32.pth",0.0,1523,58.949441891004604,152,SPT_DR_O,1.0,ok,,0,0.0,0,0.0,152,1.0,0,0.0,0,0.0,0,0.0,0,0.0,0,0.0,0,0.0
j20_m15_ddt1.5_arr200_seed707,outputs/expanded-dense-multiseed-20260721/dense/test/datasets/j20_m15_ddt1.5_arr200_seed707.ini,11,"outputs/expanded-dense-multiseed-20260721/dense/agents/seed-11/Best_agent_hidden_layers_7neurons_per_layer_[207, 145, 78, 79, 205, 105, 217]_batch_size_32.pth",0.0,1998,47.600934267600934,160,SPT_DR_O,1.0,ok,,0,0.0,0,0.0,160,1.0,0,0.0,0,0.0,0,0.0,0,0.0,0,0.0,0,0.0
j20_m15_ddt1.5_arr200_seed808,outputs/expanded-dense-multiseed-20260721/dense/test/datasets/j20_m15_ddt1.5_arr200_seed808.ini,11,"outputs/expanded-dense-multiseed-20260721/dense/agents/seed-11/Best_agent_hidden_layers_7neurons_per_layer_[207, 145, 78, 79, 205, 105, 217]_batch_size_32.pth",0.0,2599,33.53084519687059,150,SPT_DR_O,1.0,ok,,0,0.0,0,0.0,150,1.0,0,0.0,0,0.0,0,0.0,0,0.0,0,0.0,0,0.0
j20_m15_ddt1.5_arr200_seed909,outputs/expanded-dense-multiseed-20260721/dense/test/datasets/j20_m15_ddt1.5_arr200_seed909.ini,11,"outputs/expanded-dense-multiseed-20260721/dense/agents/seed-11/Best_agent_hidden_layers_7neurons_per_layer_[207, 145, 78, 79, 205, 105, 217]_batch_size_32.pth",0.0,2241,39.28008329614755,152,SPT_DR_O,1.0,ok,,0,0.0,0,0.0,152,1.0,0,0.0,0,0.0,0,0.0,0,0.0,0,0.0,0,0.0
j20_m15_ddt1.5_arr50_seed707,outputs/expanded-dense-multiseed-20260721/dense/test/datasets/j20_m15_ddt1.5_arr50_seed707.ini,11,"outputs/expanded-dense-multiseed-20260721/dense/agents/seed-11/Best_agent_hidden_layers_7neurons_per_layer_[207, 145, 78, 79, 205, 105, 217]_batch_size_32.pth",0.0,1166,77.5871926815323,160,SPT_DR_O,1.0,ok,,0,0.0,0,0.0,160,1.0,0,0.0,0,0.0,0,0.0,0,0.0,0,0.0,0,0.0
j20_m15_ddt1.5_arr50_seed808,outputs/expanded-dense-multiseed-20260721/dense/test/datasets/j20_m15_ddt1.5_arr50_seed808.ini,11,"outputs/expanded-dense-multiseed-20260721/dense/agents/seed-11/Best_agent_hidden_layers_7neurons_per_layer_[207, 145, 78, 79, 205, 105, 217]_batch_size_32.pth",0.0,1306,66.9576314446146,150,SPT_DR_O,1.0,ok,,0,0.0,0,0.0,150,1.0,0,0.0,0,0.0,0,0.0,0,0.0,0,0.0,0,0.0
j20_m15_ddt1.5_arr50_seed909,outputs/expanded-dense-multiseed-20260721/dense/test/datasets/j20_m15_ddt1.5_arr50_seed909.ini,11,"outputs/expanded-dense-multiseed-20260721/dense/agents/seed-11/Best_agent_hidden_layers_7neurons_per_layer_[207, 145, 78, 79, 205, 105, 217]_batch_size_32.pth",0.0,1315,67.15842839036755,152,SPT_DR_O,1.0,ok,,0,0.0,0,0.0,152,1.0,0,0.0,0,0.0,0,0.0,0,0.0,0,0.0,0,0.0
j20_m15_ddt1_arr100_seed707,outputs/expanded-dense-multiseed-20260721/dense/test/datasets/j20_m15_ddt1_arr100_seed707.ini,11,"outputs/expanded-dense-multiseed-20260721/dense/agents/seed-11/Best_agent_hidden_layers_7neurons_per_layer_[207, 145, 78, 79, 205, 105, 217]_batch_size_32.pth",0.0625,1528,61.37434554973823,160,SPT_DR_O,1.0,ok,,0,0.0,0,0.0,160,1.0,0,0.0,0,0.0,0,0.0,0,0.0,0,0.0,0,0.0
j20_m15_ddt1_arr100_seed808,outputs/expanded-dense-multiseed-20260721/dense/test/datasets/j20_m15_ddt1_arr100_seed808.ini,11,"outputs/expanded-dense-multiseed-20260721/dense/agents/seed-11/Best_agent_hidden_layers_7neurons_per_layer_[207, 145, 78, 79, 205, 105, 217]_batch_size_32.pth",0.04,1737,50.28593360199578,150,SPT_DR_O,1.0,ok,,0,0.0,0,0.0,150,1.0,0,0.0,0,0.0,0,0.0,0,0.0,0,0.0,0,0.0
j20_m15_ddt1_arr100_seed909,outputs/expanded-dense-multiseed-20260721/dense/test/datasets/j20_m15_ddt1_arr100_seed909.ini,11,"outputs/expanded-dense-multiseed-20260721/dense/agents/seed-11/Best_agent_hidden_layers_7neurons_per_layer_[207, 145, 78, 79, 205, 105, 217]_batch_size_32.pth",0.013157894736842105,1523,58.949441891004604,152,SPT_DR_O,1.0,ok,,0,0.0,0,0.0,152,1.0,0,0.0,0,0.0,0,0.0,0,0.0,0,0.0,0,0.0
j20_m15_ddt1_arr200_seed707,outputs/expanded-dense-multiseed-20260721/dense/test/datasets/j20_m15_ddt1_arr200_seed707.ini,11,"outputs/expanded-dense-multiseed-20260721/dense/agents/seed-11/Best_agent_hidden_layers_7neurons_per_layer_[207, 145, 78, 79, 205, 105, 217]_batch_size_32.pth",0.03125,1998,47.600934267600934,160,SPT_DR_O,1.0,ok,,0,0.0,0,0.0,160,1.0,0,0.0,0,0.0,0,0.0,0,0.0,0,0.0,0,0.0
j20_m15_ddt1_arr200_seed808,outputs/expanded-dense-multiseed-20260721/dense/test/datasets/j20_m15_ddt1_arr200_seed808.ini,11,"outputs/expanded-dense-multiseed-20260721/dense/agents/seed-11/Best_agent_hidden_layers_7neurons_per_layer_[207, 145, 78, 79, 205, 105, 217]_batch_size_32.pth",0.02,2599,33.53084519687059,150,SPT_DR_O,1.0,ok,,0,0.0,0,0.0,150,1.0,0,0.0,0,0.0,0,0.0,0,0.0,0,0.0,0,0.0
j20_m15_ddt1_arr200_seed909,outputs/expanded-dense-multiseed-20260721/dense/test/datasets/j20_m15_ddt1_arr200_seed909.ini,11,"outputs/expanded-dense-multiseed-20260721/dense/agents/seed-11/Best_agent_hidden_layers_7neurons_per_layer_[207, 145, 78, 79, 205, 105, 217]_batch_size_32.pth",0.0,2241,39.28008329614755,152,SPT_DR_O,1.0,ok,,0,0.0,0,0.0,152,1.0,0,0.0,0,0.0,0,0.0,0,0.0,0,0.0,0,0.0
j20_m15_ddt1_arr50_seed707,outputs/expanded-dense-multiseed-20260721/dense/test/datasets/j20_m15_ddt1_arr50_seed707.ini,11,"outputs/expanded-dense-multiseed-20260721/dense/agents/seed-11/Best_agent_hidden_layers_7neurons_per_layer_[207, 145, 78, 79, 205, 105, 217]_batch_size_32.pth",0.08125,1166,77.5871926815323,160,SPT_DR_O,1.0,ok,,0,0.0,0,0.0,160,1.0,0,0.0,0,0.0,0,0.0,0,0.0,0,0.0,0,0.0
j20_m15_ddt1_arr50_seed808,outputs/expanded-dense-multiseed-20260721/dense/test/datasets/j20_m15_ddt1_arr50_seed808.ini,11,"outputs/expanded-dense-multiseed-20260721/dense/agents/seed-11/Best_agent_hidden_layers_7neurons_per_layer_[207, 145, 78, 79, 205, 105, 217]_batch_size_32.pth",0.08666666666666667,1306,66.9576314446146,150,SPT_DR_O,1.0,ok,,0,0.0,0,0.0,150,1.0,0,0.0,0,0.0,0,0.0,0,0.0,0,0.0,0,0.0
j20_m15_ddt1_arr50_seed909,outputs/expanded-dense-multiseed-20260721/dense/test/datasets/j20_m15_ddt1_arr50_seed909.ini,11,"outputs/expanded-dense-multiseed-20260721/dense/agents/seed-11/Best_agent_hidden_layers_7neurons_per_layer_[207, 145, 78, 79, 205, 105, 217]_batch_size_32.pth",0.05921052631578947,1315,67.15842839036755,152,SPT_DR_O,1.0,ok,,0,0.0,0,0.0,152,1.0,0,0.0,0,0.0,0,0.0,0,0.0,0,0.0,0,0.0
j50_m15_ddt0.5_arr100_seed707,outputs/expanded-dense-multiseed-20260721/dense/test/datasets/j50_m15_ddt0.5_arr100_seed707.ini,11,"outputs/expanded-dense-multiseed-20260721/dense/agents/seed-11/Best_agent_hidden_layers_7neurons_per_layer_[207, 145, 78, 79, 205, 105, 217]_batch_size_32.pth",0.5621761658031088,3567,62.627791795159325,393,SPT_DR_O,1.0,ok,,0,0.0,0,0.0,393,1.0,0,0.0,0,0.0,0,0.0,0,0.0,0,0.0,0,0.0
j50_m15_ddt0.5_arr100_seed808,outputs/expanded-dense-multiseed-20260721/dense/test/datasets/j50_m15_ddt0.5_arr100_seed808.ini,11,"outputs/expanded-dense-multiseed-20260721/dense/agents/seed-11/Best_agent_hidden_layers_7neurons_per_layer_[207, 145, 78, 79, 205, 105, 217]_batch_size_32.pth",0.5798969072164949,3000,70.46,395,SPT_DR_O,1.0,ok,,0,0.0,0,0.0,395,1.0,0,0.0,0,0.0,0,0.0,0,0.0,0,0.0,0,0.0
j50_m15_ddt0.5_arr100_seed909,outputs/expanded-dense-multiseed-20260721/dense/test/datasets/j50_m15_ddt0.5_arr100_seed909.ini,11,"outputs/expanded-dense-multiseed-20260721/dense/agents/seed-11/Best_agent_hidden_layers_7neurons_per_layer_[207, 145, 78, 79, 205, 105, 217]_batch_size_32.pth",0.592964824120603,3547,61.984775866929795,406,SPT_DR_O,1.0,ok,,0,0.0,0,0.0,406,1.0,0,0.0,0,0.0,0,0.0,0,0.0,0,0.0,0,0.0
j50_m15_ddt0.5_arr200_seed707,outputs/expanded-dense-multiseed-20260721/dense/test/datasets/j50_m15_ddt0.5_arr200_seed707.ini,11,"outputs/expanded-dense-multiseed-20260721/dense/agents/seed-11/Best_agent_hidden_layers_7neurons_per_layer_[207, 145, 78, 79, 205, 105, 217]_batch_size_32.pth",0.5284974093264249,6550,34.072264631043254,394,SPT_DR_O,1.0,ok,,0,0.0,0,0.0,394,1.0,0,0.0,0,0.0,0,0.0,0,0.0,0,0.0,0,0.0
j50_m15_ddt0.5_arr200_seed808,outputs/expanded-dense-multiseed-20260721/dense/test/datasets/j50_m15_ddt0.5_arr200_seed808.ini,11,"outputs/expanded-dense-multiseed-20260721/dense/agents/seed-11/Best_agent_hidden_layers_7neurons_per_layer_[207, 145, 78, 79, 205, 105, 217]_batch_size_32.pth",0.538659793814433,5228,41.11578678908442,393,SPT_DR_O,1.0,ok,,0,0.0,0,0.0,393,1.0,0,0.0,0,0.0,0,0.0,0,0.0,0,0.0,0,0.0
j50_m15_ddt0.5_arr200_seed909,outputs/expanded-dense-multiseed-20260721/dense/test/datasets/j50_m15_ddt0.5_arr200_seed909.ini,11,"outputs/expanded-dense-multiseed-20260721/dense/agents/seed-11/Best_agent_hidden_layers_7neurons_per_layer_[207, 145, 78, 79, 205, 105, 217]_batch_size_32.pth",0.5477386934673367,6292,35.22356431447341,402,SPT_DR_O,1.0,ok,,0,0.0,0,0.0,402,1.0,0,0.0,0,0.0,0,0.0,0,0.0,0,0.0,0,0.0
j50_m15_ddt0.5_arr50_seed707,outputs/expanded-dense-multiseed-20260721/dense/test/datasets/j50_m15_ddt0.5_arr50_seed707.ini,11,"outputs/expanded-dense-multiseed-20260721/dense/agents/seed-11/Best_agent_hidden_layers_7neurons_per_layer_[207, 145, 78, 79, 205, 105, 217]_batch_size_32.pth",0.616580310880829,3119,67.0278935556268,391,SPT_DR_O,1.0,ok,,0,0.0,0,0.0,391,1.0,0,0.0,0,0.0,0,0.0,0,0.0,0,0.0,0,0.0
j50_m15_ddt0.5_arr50_seed808,outputs/expanded-dense-multiseed-20260721/dense/test/datasets/j50_m15_ddt0.5_arr50_seed808.ini,11,"outputs/expanded-dense-multiseed-20260721/dense/agents/seed-11/Best_agent_hidden_layers_7neurons_per_layer_[207, 145, 78, 79, 205, 105, 217]_batch_size_32.pth",0.6469072164948454,3054,65.90482427417595,392,SPT_DR_O,1.0,ok,,0,0.0,0,0.0,392,1.0,0,0.0,0,0.0,0,0.0,0,0.0,0,0.0,0,0.0
j50_m15_ddt0.5_arr50_seed909,outputs/expanded-dense-multiseed-20260721/dense/test/datasets/j50_m15_ddt0.5_arr50_seed909.ini,11,"outputs/expanded-dense-multiseed-20260721/dense/agents/seed-11/Best_agent_hidden_layers_7neurons_per_layer_[207, 145, 78, 79, 205, 105, 217]_batch_size_32.pth",0.628140703517588,2459,84.56283041886947,402,SPT_DR_O,1.0,ok,,0,0.0,0,0.0,402,1.0,0,0.0,0,0.0,0,0.0,0,0.0,0,0.0,0,0.0
j50_m15_ddt1.5_arr100_seed707,outputs/expanded-dense-multiseed-20260721/dense/test/datasets/j50_m15_ddt1.5_arr100_seed707.ini,11,"outputs/expanded-dense-multiseed-20260721/dense/agents/seed-11/Best_agent_hidden_layers_7neurons_per_layer_[207, 145, 78, 79, 205, 105, 217]_batch_size_32.pth",0.04404145077720207,3567,62.627791795159325,393,SPT_DR_O,1.0,ok,,0,0.0,0,0.0,393,1.0,0,0.0,0,0.0,0,0.0,0,0.0,0,0.0,0,0.0
j50_m15_ddt1.5_arr100_seed808,outputs/expanded-dense-multiseed-20260721/dense/test/datasets/j50_m15_ddt1.5_arr100_seed808.ini,11,"outputs/expanded-dense-multiseed-20260721/dense/agents/seed-11/Best_agent_hidden_layers_7neurons_per_layer_[207, 145, 78, 79, 205, 105, 217]_batch_size_32.pth",0.1056701030927835,3000,70.46,395,SPT_DR_O,1.0,ok,,0,0.0,0,0.0,395,1.0,0,0.0,0,0.0,0,0.0,0,0.0,0,0.0,0,0.0
j50_m15_ddt1.5_arr100_seed909,outputs/expanded-dense-multiseed-20260721/dense/test/datasets/j50_m15_ddt1.5_arr100_seed909.ini,11,"outputs/expanded-dense-multiseed-20260721/dense/agents/seed-11/Best_agent_hidden_layers_7neurons_per_layer_[207, 145, 78, 79, 205, 105, 217]_batch_size_32.pth",0.10050251256281408,3547,61.984775866929795,406,SPT_DR_O,1.0,ok,,0,0.0,0,0.0,406,1.0,0,0.0,0,0.0,0,0.0,0,0.0,0,0.0,0,0.0
j50_m15_ddt1.5_arr200_seed707,outputs/expanded-dense-multiseed-20260721/dense/test/datasets/j50_m15_ddt1.5_arr200_seed707.ini,11,"outputs/expanded-dense-multiseed-20260721/dense/agents/seed-11/Best_agent_hidden_layers_7neurons_per_layer_[207, 145, 78, 79, 205, 105, 217]_batch_size_32.pth",0.025906735751295335,6550,34.072264631043254,394,SPT_DR_O,1.0,ok,,0,0.0,0,0.0,394,1.0,0,0.0,0,0.0,0,0.0,0,0.0,0,0.0,0,0.0
j50_m15_ddt1.5_arr200_seed808,outputs/expanded-dense-multiseed-20260721/dense/test/datasets/j50_m15_ddt1.5_arr200_seed808.ini,11,"outputs/expanded-dense-multiseed-20260721/dense/agents/seed-11/Best_agent_hidden_layers_7neurons_per_layer_[207, 145, 78, 79, 205, 105, 217]_batch_size_32.pth",0.07731958762886598,5228,41.11578678908442,393,SPT_DR_O,1.0,ok,,0,0.0,0,0.0,393,1.0,0,0.0,0,0.0,0,0.0,0,0.0,0,0.0,0,0.0
j50_m15_ddt1.5_arr200_seed909,outputs/expanded-dense-multiseed-20260721/dense/test/datasets/j50_m15_ddt1.5_arr200_seed909.ini,11,"outputs/expanded-dense-multiseed-20260721/dense/agents/seed-11/Best_agent_hidden_layers_7neurons_per_layer_[207, 145, 78, 79, 205, 105, 217]_batch_size_32.pth",0.0678391959798995,6292,35.22356431447341,402,SPT_DR_O,1.0,ok,,0,0.0,0,0.0,402,1.0,0,0.0,0,0.0,0,0.0,0,0.0,0,0.0,0,0.0
j50_m15_ddt1.5_arr50_seed707,outputs/expanded-dense-multiseed-20260721/dense/test/datasets/j50_m15_ddt1.5_arr50_seed707.ini,11,"outputs/expanded-dense-multiseed-20260721/dense/agents/seed-11/Best_agent_hidden_layers_7neurons_per_layer_[207, 145, 78, 79, 205, 105, 217]_batch_size_32.pth",0.09067357512953368,3119,67.0278935556268,391,SPT_DR_O,1.0,ok,,0,0.0,0,0.0,391,1.0,0,0.0,0,0.0,0,0.0,0,0.0,0,0.0,0,0.0
j50_m15_ddt1.5_arr50_seed808,outputs/expanded-dense-multiseed-20260721/dense/test/datasets/j50_m15_ddt1.5_arr50_seed808.ini,11,"outputs/expanded-dense-multiseed-20260721/dense/agents/seed-11/Best_agent_hidden_layers_7neurons_per_layer_[207, 145, 78, 79, 205, 105, 217]_batch_size_32.pth",0.21391752577319587,3054,65.90482427417595,392,SPT_DR_O,1.0,ok,,0,0.0,0,0.0,392,1.0,0,0.0,0,0.0,0,0.0,0,0.0,0,0.0,0,0.0
j50_m15_ddt1.5_arr50_seed909,outputs/expanded-dense-multiseed-20260721/dense/test/datasets/j50_m15_ddt1.5_arr50_seed909.ini,11,"outputs/expanded-dense-multiseed-20260721/dense/agents/seed-11/Best_agent_hidden_layers_7neurons_per_layer_[207, 145, 78, 79, 205, 105, 217]_batch_size_32.pth",0.17839195979899497,2459,84.56283041886947,402,SPT_DR_O,1.0,ok,,0,0.0,0,0.0,402,1.0,0,0.0,0,0.0,0,0.0,0,0.0,0,0.0,0,0.0
j50_m15_ddt1_arr100_seed707,outputs/expanded-dense-multiseed-20260721/dense/test/datasets/j50_m15_ddt1_arr100_seed707.ini,11,"outputs/expanded-dense-multiseed-20260721/dense/agents/seed-11/Best_agent_hidden_layers_7neurons_per_layer_[207, 145, 78, 79, 205, 105, 217]_batch_size_32.pth",0.18134715025906736,3567,62.627791795159325,393,SPT_DR_O,1.0,ok,,0,0.0,0,0.0,393,1.0,0,0.0,0,0.0,0,0.0,0,0.0,0,0.0,0,0.0
j50_m15_ddt1_arr100_seed808,outputs/expanded-dense-multiseed-20260721/dense/test/datasets/j50_m15_ddt1_arr100_seed808.ini,11,"outputs/expanded-dense-multiseed-20260721/dense/agents/seed-11/Best_agent_hidden_layers_7neurons_per_layer_[207, 145, 78, 79, 205, 105, 217]_batch_size_32.pth",0.2422680412371134,3000,70.46,395,SPT_DR_O,1.0,ok,,0,0.0,0,0.0,395,1.0,0,0.0,0,0.0,0,0.0,0,0.0,0,0.0,0,0.0
j50_m15_ddt1_arr100_seed909,outputs/expanded-dense-multiseed-20260721/dense/test/datasets/j50_m15_ddt1_arr100_seed909.ini,11,"outputs/expanded-dense-multiseed-20260721/dense/agents/seed-11/Best_agent_hidden_layers_7neurons_per_layer_[207, 145, 78, 79, 205, 105, 217]_batch_size_32.pth",0.24120603015075376,3547,61.984775866929795,406,SPT_DR_O,1.0,ok,,0,0.0,0,0.0,406,1.0,0,0.0,0,0.0,0,0.0,0,0.0,0,0.0,0,0.0
j50_m15_ddt1_arr200_seed707,outputs/expanded-dense-multiseed-20260721/dense/test/datasets/j50_m15_ddt1_arr200_seed707.ini,11,"outputs/expanded-dense-multiseed-20260721/dense/agents/seed-11/Best_agent_hidden_layers_7neurons_per_layer_[207, 145, 78, 79, 205, 105, 217]_batch_size_32.pth",0.13471502590673576,6550,34.072264631043254,394,SPT_DR_O,1.0,ok,,0,0.0,0,0.0,394,1.0,0,0.0,0,0.0,0,0.0,0,0.0,0,0.0,0,0.0
j50_m15_ddt1_arr200_seed808,outputs/expanded-dense-multiseed-20260721/dense/test/datasets/j50_m15_ddt1_arr200_seed808.ini,11,"outputs/expanded-dense-multiseed-20260721/dense/agents/seed-11/Best_agent_hidden_layers_7neurons_per_layer_[207, 145, 78, 79, 205, 105, 217]_batch_size_32.pth",0.17783505154639176,5228,41.11578678908442,393,SPT_DR_O,1.0,ok,,0,0.0,0,0.0,393,1.0,0,0.0,0,0.0,0,0.0,0,0.0,0,0.0,0,0.0
j50_m15_ddt1_arr200_seed909,outputs/expanded-dense-multiseed-20260721/dense/test/datasets/j50_m15_ddt1_arr200_seed909.ini,11,"outputs/expanded-dense-multiseed-20260721/dense/agents/seed-11/Best_agent_hidden_layers_7neurons_per_layer_[207, 145, 78, 79, 205, 105, 217]_batch_size_32.pth",0.18090452261306533,6292,35.22356431447341,402,SPT_DR_O,1.0,ok,,0,0.0,0,0.0,402,1.0,0,0.0,0,0.0,0,0.0,0,0.0,0,0.0,0,0.0
j50_m15_ddt1_arr50_seed707,outputs/expanded-dense-multiseed-20260721/dense/test/datasets/j50_m15_ddt1_arr50_seed707.ini,11,"outputs/expanded-dense-multiseed-20260721/dense/agents/seed-11/Best_agent_hidden_layers_7neurons_per_layer_[207, 145, 78, 79, 205, 105, 217]_batch_size_32.pth",0.266839378238342,3119,67.0278935556268,391,SPT_DR_O,1.0,ok,,0,0.0,0,0.0,391,1.0,0,0.0,0,0.0,0,0.0,0,0.0,0,0.0,0,0.0
j50_m15_ddt1_arr50_seed808,outputs/expanded-dense-multiseed-20260721/dense/test/datasets/j50_m15_ddt1_arr50_seed808.ini,11,"outputs/expanded-dense-multiseed-20260721/dense/agents/seed-11/Best_agent_hidden_layers_7neurons_per_layer_[207, 145, 78, 79, 205, 105, 217]_batch_size_32.pth",0.3582474226804124,3054,65.90482427417595,392,SPT_DR_O,1.0,ok,,0,0.0,0,0.0,392,1.0,0,0.0,0,0.0,0,0.0,0,0.0,0,0.0,0,0.0
j50_m15_ddt1_arr50_seed909,outputs/expanded-dense-multiseed-20260721/dense/test/datasets/j50_m15_ddt1_arr50_seed909.ini,11,"outputs/expanded-dense-multiseed-20260721/dense/agents/seed-11/Best_agent_hidden_layers_7neurons_per_layer_[207, 145, 78, 79, 205, 105, 217]_batch_size_32.pth",0.33668341708542715,2459,84.56283041886947,402,SPT_DR_O,1.0,ok,,0,0.0,0,0.0,402,1.0,0,0.0,0,0.0,0,0.0,0,0.0,0,0.0,0,0.0
j100_m15_ddt0.5_arr100_seed707,outputs/expanded-dense-multiseed-20260721/dense/test/datasets/j100_m15_ddt0.5_arr100_seed707.ini,22,"outputs/expanded-dense-multiseed-20260721/dense/agents/seed-22/Best_agent_hidden_layers_7neurons_per_layer_[207, 145, 78, 79, 205, 105, 217]_batch_size_32.pth",0.6876574307304786,6044,70.48091771453782,815,SPT_DR_O,1.0,ok,,0,0.0,0,0.0,815,1.0,0,0.0,0,0.0,0,0.0,0,0.0,0,0.0,0,0.0
j100_m15_ddt0.5_arr100_seed808,outputs/expanded-dense-multiseed-20260721/dense/test/datasets/j100_m15_ddt0.5_arr100_seed808.ini,22,"outputs/expanded-dense-multiseed-20260721/dense/agents/seed-22/Best_agent_hidden_layers_7neurons_per_layer_[207, 145, 78, 79, 205, 105, 217]_batch_size_32.pth",0.6887254901960784,5741,75.92753875631425,835,SPT_DR_O,1.0,ok,,0,0.0,0,0.0,835,1.0,0,0.0,0,0.0,0,0.0,0,0.0,0,0.0,0,0.0
j100_m15_ddt0.5_arr100_seed909,outputs/expanded-dense-multiseed-20260721/dense/test/datasets/j100_m15_ddt0.5_arr100_seed909.ini,22,"outputs/expanded-dense-multiseed-20260721/dense/agents/seed-22/Best_agent_hidden_layers_7neurons_per_layer_[207, 145, 78, 79, 205, 105, 217]_batch_size_32.pth",0.6858895705521473,5522,77.19183870578291,833,SPT_DR_O,1.0,ok,,0,0.0,0,0.0,833,1.0,0,0.0,0,0.0,0,0.0,0,0.0,0,0.0,0,0.0
j100_m15_ddt0.5_arr200_seed707,outputs/expanded-dense-multiseed-20260721/dense/test/datasets/j100_m15_ddt0.5_arr200_seed707.ini,22,"outputs/expanded-dense-multiseed-20260721/dense/agents/seed-22/Best_agent_hidden_layers_7neurons_per_layer_[207, 145, 78, 79, 205, 105, 217]_batch_size_32.pth",0.6473551637279596,11340,38.7501469723692,818,SPT_DR_O,1.0,ok,,0,0.0,0,0.0,818,1.0,0,0.0,0,0.0,0,0.0,0,0.0,0,0.0,0,0.0
j100_m15_ddt0.5_arr200_seed808,outputs/expanded-dense-multiseed-20260721/dense/test/datasets/j100_m15_ddt0.5_arr200_seed808.ini,22,"outputs/expanded-dense-multiseed-20260721/dense/agents/seed-22/Best_agent_hidden_layers_7neurons_per_layer_[207, 145, 78, 79, 205, 105, 217]_batch_size_32.pth",0.6580882352941176,10655,42.0685124354763,835,SPT_DR_O,1.0,ok,,0,0.0,0,0.0,835,1.0,0,0.0,0,0.0,0,0.0,0,0.0,0,0.0,0,0.0
j100_m15_ddt0.5_arr200_seed909,outputs/expanded-dense-multiseed-20260721/dense/test/datasets/j100_m15_ddt0.5_arr200_seed909.ini,22,"outputs/expanded-dense-multiseed-20260721/dense/agents/seed-22/Best_agent_hidden_layers_7neurons_per_layer_[207, 145, 78, 79, 205, 105, 217]_batch_size_32.pth",0.6368098159509202,10245,44.07418252806247,838,SPT_DR_O,1.0,ok,,0,0.0,0,0.0,838,1.0,0,0.0,0,0.0,0,0.0,0,0.0,0,0.0,0,0.0
j100_m15_ddt0.5_arr50_seed707,outputs/expanded-dense-multiseed-20260721/dense/test/datasets/j100_m15_ddt0.5_arr50_seed707.ini,22,"outputs/expanded-dense-multiseed-20260721/dense/agents/seed-22/Best_agent_hidden_layers_7neurons_per_layer_[207, 145, 78, 79, 205, 105, 217]_batch_size_32.pth",0.7581863979848866,5352,75.41604384653712,813,SPT_DR_O,1.0,ok,,0,0.0,0,0.0,813,1.0,0,0.0,0,0.0,0,0.0,0,0.0,0,0.0,0,0.0
j100_m15_ddt0.5_arr50_seed808,outputs/expanded-dense-multiseed-20260721/dense/test/datasets/j100_m15_ddt0.5_arr50_seed808.ini,22,"outputs/expanded-dense-multiseed-20260721/dense/agents/seed-22/Best_agent_hidden_layers_7neurons_per_layer_[207, 145, 78, 79, 205, 105, 217]_batch_size_32.pth",0.7659313725490197,5344,77.09456087824351,836,SPT_DR_O,1.0,ok,,0,0.0,0,0.0,836,1.0,0,0.0,0,0.0,0,0.0,0,0.0,0,0.0,0,0.0
j100_m15_ddt0.5_arr50_seed909,outputs/expanded-dense-multiseed-20260721/dense/test/datasets/j100_m15_ddt0.5_arr50_seed909.ini,22,"outputs/expanded-dense-multiseed-20260721/dense/agents/seed-22/Best_agent_hidden_layers_7neurons_per_layer_[207, 145, 78, 79, 205, 105, 217]_batch_size_32.pth",0.7631901840490798,5115,80.19811013359401,832,SPT_DR_O,1.0,ok,,0,0.0,0,0.0,832,1.0,0,0.0,0,0.0,0,0.0,0,0.0,0,0.0,0,0.0
j100_m15_ddt1.5_arr100_seed707,outputs/expanded-dense-multiseed-20260721/dense/test/datasets/j100_m15_ddt1.5_arr100_seed707.ini,22,"outputs/expanded-dense-multiseed-20260721/dense/agents/seed-22/Best_agent_hidden_layers_7neurons_per_layer_[207, 145, 78, 79, 205, 105, 217]_batch_size_32.pth",0.2695214105793451,6044,70.48091771453782,815,SPT_DR_O,1.0,ok,,0,0.0,0,0.0,815,1.0,0,0.0,0,0.0,0,0.0,0,0.0,0,0.0,0,0.0
j100_m15_ddt1.5_arr100_seed808,outputs/expanded-dense-multiseed-20260721/dense/test/datasets/j100_m15_ddt1.5_arr100_seed808.ini,22,"outputs/expanded-dense-multiseed-20260721/dense/agents/seed-22/Best_agent_hidden_layers_7neurons_per_layer_[207, 145, 78, 79, 205, 105, 217]_batch_size_32.pth",0.2855392156862745,5741,75.92753875631425,835,SPT_DR_O,1.0,ok,,0,0.0,0,0.0,835,1.0,0,0.0,0,0.0,0,0.0,0,0.0,0,0.0,0,0.0
j100_m15_ddt1.5_arr100_seed909,outputs/expanded-dense-multiseed-20260721/dense/test/datasets/j100_m15_ddt1.5_arr100_seed909.ini,22,"outputs/expanded-dense-multiseed-20260721/dense/agents/seed-22/Best_agent_hidden_layers_7neurons_per_layer_[207, 145, 78, 79, 205, 105, 217]_batch_size_32.pth",0.2871165644171779,5522,77.19183870578291,833,SPT_DR_O,1.0,ok,,0,0.0,0,0.0,833,1.0,0,0.0,0,0.0,0,0.0,0,0.0,0,0.0,0,0.0
j100_m15_ddt1.5_arr200_seed707,outputs/expanded-dense-multiseed-20260721/dense/test/datasets/j100_m15_ddt1.5_arr200_seed707.ini,22,"outputs/expanded-dense-multiseed-20260721/dense/agents/seed-22/Best_agent_hidden_layers_7neurons_per_layer_[207, 145, 78, 79, 205, 105, 217]_batch_size_32.pth",0.22292191435768263,11340,38.7501469723692,818,SPT_DR_O,1.0,ok,,0,0.0,0,0.0,818,1.0,0,0.0,0,0.0,0,0.0,0,0.0,0,0.0,0,0.0
j100_m15_ddt1.5_arr200_seed808,outputs/expanded-dense-multiseed-20260721/dense/test/datasets/j100_m15_ddt1.5_arr200_seed808.ini,22,"outputs/expanded-dense-multiseed-20260721/dense/agents/seed-22/Best_agent_hidden_layers_7neurons_per_layer_[207, 145, 78, 79, 205, 105, 217]_batch_size_32.pth",0.26348039215686275,10655,42.0685124354763,835,SPT_DR_O,1.0,ok,,0,0.0,0,0.0,835,1.0,0,0.0,0,0.0,0,0.0,0,0.0,0,0.0,0,0.0
j100_m15_ddt1.5_arr200_seed909,outputs/expanded-dense-multiseed-20260721/dense/test/datasets/j100_m15_ddt1.5_arr200_seed909.ini,22,"outputs/expanded-dense-multiseed-20260721/dense/agents/seed-22/Best_agent_hidden_layers_7neurons_per_layer_[207, 145, 78, 79, 205, 105, 217]_batch_size_32.pth",0.23190184049079754,10245,44.07418252806247,838,SPT_DR_O,1.0,ok,,0,0.0,0,0.0,838,1.0,0,0.0,0,0.0,0,0.0,0,0.0,0,0.0,0,0.0
j100_m15_ddt1.5_arr50_seed707,outputs/expanded-dense-multiseed-20260721/dense/test/datasets/j100_m15_ddt1.5_arr50_seed707.ini,22,"outputs/expanded-dense-multiseed-20260721/dense/agents/seed-22/Best_agent_hidden_layers_7neurons_per_layer_[207, 145, 78, 79, 205, 105, 217]_batch_size_32.pth",0.42191435768261965,5352,75.41604384653712,813,SPT_DR_O,1.0,ok,,0,0.0,0,0.0,813,1.0,0,0.0,0,0.0,0,0.0,0,0.0,0,0.0,0,0.0
j100_m15_ddt1.5_arr50_seed808,outputs/expanded-dense-multiseed-20260721/dense/test/datasets/j100_m15_ddt1.5_arr50_seed808.ini,22,"outputs/expanded-dense-multiseed-20260721/dense/agents/seed-22/Best_agent_hidden_layers_7neurons_per_layer_[207, 145, 78, 79, 205, 105, 217]_batch_size_32.pth",0.4338235294117647,5344,77.09456087824351,836,SPT_DR_O,1.0,ok,,0,0.0,0,0.0,836,1.0,0,0.0,0,0.0,0,0.0,0,0.0,0,0.0,0,0.0
j100_m15_ddt1.5_arr50_seed909,outputs/expanded-dense-multiseed-20260721/dense/test/datasets/j100_m15_ddt1.5_arr50_seed909.ini,22,"outputs/expanded-dense-multiseed-20260721/dense/agents/seed-22/Best_agent_hidden_layers_7neurons_per_layer_[207, 145, 78, 79, 205, 105, 217]_batch_size_32.pth",0.4699386503067485,5115,80.19811013359401,832,SPT_DR_O,1.0,ok,,0,0.0,0,0.0,832,1.0,0,0.0,0,0.0,0,0.0,0,0.0,0,0.0,0,0.0
j100_m15_ddt1_arr100_seed707,outputs/expanded-dense-multiseed-20260721/dense/test/datasets/j100_m15_ddt1_arr100_seed707.ini,22,"outputs/expanded-dense-multiseed-20260721/dense/agents/seed-22/Best_agent_hidden_layers_7neurons_per_layer_[207, 145, 78, 79, 205, 105, 217]_batch_size_32.pth",0.42317380352644834,6044,70.48091771453782,815,SPT_DR_O,1.0,ok,,0,0.0,0,0.0,815,1.0,0,0.0,0,0.0,0,0.0,0,0.0,0,0.0,0,0.0
j100_m15_ddt1_arr100_seed808,outputs/expanded-dense-multiseed-20260721/dense/test/datasets/j100_m15_ddt1_arr100_seed808.ini,22,"outputs/expanded-dense-multiseed-20260721/dense/agents/seed-22/Best_agent_hidden_layers_7neurons_per_layer_[207, 145, 78, 79, 205, 105, 217]_batch_size_32.pth",0.40808823529411764,5741,75.92753875631425,835,SPT_DR_O,1.0,ok,,0,0.0,0,0.0,835,1.0,0,0.0,0,0.0,0,0.0,0,0.0,0,0.0,0,0.0
j100_m15_ddt1_arr100_seed909,outputs/expanded-dense-multiseed-20260721/dense/test/datasets/j100_m15_ddt1_arr100_seed909.ini,22,"outputs/expanded-dense-multiseed-20260721/dense/agents/seed-22/Best_agent_hidden_layers_7neurons_per_layer_[207, 145, 78, 79, 205, 105, 217]_batch_size_32.pth",0.41840490797546015,5522,77.19183870578291,833,SPT_DR_O,1.0,ok,,0,0.0,0,0.0,833,1.0,0,0.0,0,0.0,0,0.0,0,0.0,0,0.0,0,0.0
j100_m15_ddt1_arr200_seed707,outputs/expanded-dense-multiseed-20260721/dense/test/datasets/j100_m15_ddt1_arr200_seed707.ini,22,"outputs/expanded-dense-multiseed-20260721/dense/agents/seed-22/Best_agent_hidden_layers_7neurons_per_layer_[207, 145, 78, 79, 205, 105, 217]_batch_size_32.pth",0.35516372795969775,11340,38.7501469723692,818,SPT_DR_O,1.0,ok,,0,0.0,0,0.0,818,1.0,0,0.0,0,0.0,0,0.0,0,0.0,0,0.0,0,0.0
j100_m15_ddt1_arr200_seed808,outputs/expanded-dense-multiseed-20260721/dense/test/datasets/j100_m15_ddt1_arr200_seed808.ini,22,"outputs/expanded-dense-multiseed-20260721/dense/agents/seed-22/Best_agent_hidden_layers_7neurons_per_layer_[207, 145, 78, 79, 205, 105, 217]_batch_size_32.pth",0.3762254901960784,10655,42.0685124354763,835,SPT_DR_O,1.0,ok,,0,0.0,0,0.0,835,1.0,0,0.0,0,0.0,0,0.0,0,0.0,0,0.0,0,0.0
j100_m15_ddt1_arr200_seed909,outputs/expanded-dense-multiseed-20260721/dense/test/datasets/j100_m15_ddt1_arr200_seed909.ini,22,"outputs/expanded-dense-multiseed-20260721/dense/agents/seed-22/Best_agent_hidden_layers_7neurons_per_layer_[207, 145, 78, 79, 205, 105, 217]_batch_size_32.pth",0.3337423312883436,10245,44.07418252806247,838,SPT_DR_O,1.0,ok,,0,0.0,0,0.0,838,1.0,0,0.0,0,0.0,0,0.0,0,0.0,0,0.0,0,0.0
j100_m15_ddt1_arr50_seed707,outputs/expanded-dense-multiseed-20260721/dense/test/datasets/j100_m15_ddt1_arr50_seed707.ini,22,"outputs/expanded-dense-multiseed-20260721/dense/agents/seed-22/Best_agent_hidden_layers_7neurons_per_layer_[207, 145, 78, 79, 205, 105, 217]_batch_size_32.pth",0.5793450881612091,5352,75.41604384653712,813,SPT_DR_O,1.0,ok,,0,0.0,0,0.0,813,1.0,0,0.0,0,0.0,0,0.0,0,0.0,0,0.0,0,0.0
j100_m15_ddt1_arr50_seed808,outputs/expanded-dense-multiseed-20260721/dense/test/datasets/j100_m15_ddt1_arr50_seed808.ini,22,"outputs/expanded-dense-multiseed-20260721/dense/agents/seed-22/Best_agent_hidden_layers_7neurons_per_layer_[207, 145, 78, 79, 205, 105, 217]_batch_size_32.pth",0.5772058823529411,5344,77.09456087824351,836,SPT_DR_O,1.0,ok,,0,0.0,0,0.0,836,1.0,0,0.0,0,0.0,0,0.0,0,0.0,0,0.0,0,0.0
j100_m15_ddt1_arr50_seed909,outputs/expanded-dense-multiseed-20260721/dense/test/datasets/j100_m15_ddt1_arr50_seed909.ini,22,"outputs/expanded-dense-multiseed-20260721/dense/agents/seed-22/Best_agent_hidden_layers_7neurons_per_layer_[207, 145, 78, 79, 205, 105, 217]_batch_size_32.pth",0.6024539877300613,5115,80.19811013359401,832,SPT_DR_O,1.0,ok,,0,0.0,0,0.0,832,1.0,0,0.0,0,0.0,0,0.0,0,0.0,0,0.0,0,0.0
j20_m15_ddt0.5_arr100_seed707,outputs/expanded-dense-multiseed-20260721/dense/test/datasets/j20_m15_ddt0.5_arr100_seed707.ini,22,"outputs/expanded-dense-multiseed-20260721/dense/agents/seed-22/Best_agent_hidden_layers_7neurons_per_layer_[207, 145, 78, 79, 205, 105, 217]_batch_size_32.pth",0.5,1528,61.37434554973823,160,SPT_DR_O,1.0,ok,,0,0.0,0,0.0,160,1.0,0,0.0,0,0.0,0,0.0,0,0.0,0,0.0,0,0.0
j20_m15_ddt0.5_arr100_seed808,outputs/expanded-dense-multiseed-20260721/dense/test/datasets/j20_m15_ddt0.5_arr100_seed808.ini,22,"outputs/expanded-dense-multiseed-20260721/dense/agents/seed-22/Best_agent_hidden_layers_7neurons_per_layer_[207, 145, 78, 79, 205, 105, 217]_batch_size_32.pth",0.47333333333333333,1737,50.28593360199578,150,SPT_DR_O,1.0,ok,,0,0.0,0,0.0,150,1.0,0,0.0,0,0.0,0,0.0,0,0.0,0,0.0,0,0.0
j20_m15_ddt0.5_arr100_seed909,outputs/expanded-dense-multiseed-20260721/dense/test/datasets/j20_m15_ddt0.5_arr100_seed909.ini,22,"outputs/expanded-dense-multiseed-20260721/dense/agents/seed-22/Best_agent_hidden_layers_7neurons_per_layer_[207, 145, 78, 79, 205, 105, 217]_batch_size_32.pth",0.4605263157894737,1523,58.949441891004604,152,SPT_DR_O,1.0,ok,,0,0.0,0,0.0,152,1.0,0,0.0,0,0.0,0,0.0,0,0.0,0,0.0,0,0.0
j20_m15_ddt0.5_arr200_seed707,outputs/expanded-dense-multiseed-20260721/dense/test/datasets/j20_m15_ddt0.5_arr200_seed707.ini,22,"outputs/expanded-dense-multiseed-20260721/dense/agents/seed-22/Best_agent_hidden_layers_7neurons_per_layer_[207, 145, 78, 79, 205, 105, 217]_batch_size_32.pth",0.4875,1998,47.600934267600934,160,SPT_DR_O,1.0,ok,,0,0.0,0,0.0,160,1.0,0,0.0,0,0.0,0,0.0,0,0.0,0,0.0,0,0.0
j20_m15_ddt0.5_arr200_seed808,outputs/expanded-dense-multiseed-20260721/dense/test/datasets/j20_m15_ddt0.5_arr200_seed808.ini,22,"outputs/expanded-dense-multiseed-20260721/dense/agents/seed-22/Best_agent_hidden_layers_7neurons_per_layer_[207, 145, 78, 79, 205, 105, 217]_batch_size_32.pth",0.4533333333333333,2599,33.53084519687059,150,SPT_DR_O,1.0,ok,,0,0.0,0,0.0,150,1.0,0,0.0,0,0.0,0,0.0,0,0.0,0,0.0,0,0.0
j20_m15_ddt0.5_arr200_seed909,outputs/expanded-dense-multiseed-20260721/dense/test/datasets/j20_m15_ddt0.5_arr200_seed909.ini,22,"outputs/expanded-dense-multiseed-20260721/dense/agents/seed-22/Best_agent_hidden_layers_7neurons_per_layer_[207, 145, 78, 79, 205, 105, 217]_batch_size_32.pth",0.4276315789473684,2241,39.28008329614755,152,SPT_DR_O,1.0,ok,,0,0.0,0,0.0,152,1.0,0,0.0,0,0.0,0,0.0,0,0.0,0,0.0,0,0.0
j20_m15_ddt0.5_arr50_seed707,outputs/expanded-dense-multiseed-20260721/dense/test/datasets/j20_m15_ddt0.5_arr50_seed707.ini,22,"outputs/expanded-dense-multiseed-20260721/dense/agents/seed-22/Best_agent_hidden_layers_7neurons_per_layer_[207, 145, 78, 79, 205, 105, 217]_batch_size_32.pth",0.53125,1166,77.5871926815323,160,SPT_DR_O,1.0,ok,,0,0.0,0,0.0,160,1.0,0,0.0,0,0.0,0,0.0,0,0.0,0,0.0,0,0.0
j20_m15_ddt0.5_arr50_seed808,outputs/expanded-dense-multiseed-20260721/dense/test/datasets/j20_m15_ddt0.5_arr50_seed808.ini,22,"outputs/expanded-dense-multiseed-20260721/dense/agents/seed-22/Best_agent_hidden_layers_7neurons_per_layer_[207, 145, 78, 79, 205, 105, 217]_batch_size_32.pth",0.49333333333333335,1306,66.9576314446146,150,SPT_DR_O,1.0,ok,,0,0.0,0,0.0,150,1.0,0,0.0,0,0.0,0,0.0,0,0.0,0,0.0,0,0.0
j20_m15_ddt0.5_arr50_seed909,outputs/expanded-dense-multiseed-20260721/dense/test/datasets/j20_m15_ddt0.5_arr50_seed909.ini,22,"outputs/expanded-dense-multiseed-20260721/dense/agents/seed-22/Best_agent_hidden_layers_7neurons_per_layer_[207, 145, 78, 79, 205, 105, 217]_batch_size_32.pth",0.5,1315,67.15842839036755,152,SPT_DR_O,1.0,ok,,0,0.0,0,0.0,152,1.0,0,0.0,0,0.0,0,0.0,0,0.0,0,0.0,0,0.0
j20_m15_ddt1.5_arr100_seed707,outputs/expanded-dense-multiseed-20260721/dense/test/datasets/j20_m15_ddt1.5_arr100_seed707.ini,22,"outputs/expanded-dense-multiseed-20260721/dense/agents/seed-22/Best_agent_hidden_layers_7neurons_per_layer_[207, 145, 78, 79, 205, 105, 217]_batch_size_32.pth",0.0,1528,61.37434554973823,160,SPT_DR_O,1.0,ok,,0,0.0,0,0.0,160,1.0,0,0.0,0,0.0,0,0.0,0,0.0,0,0.0,0,0.0
j20_m15_ddt1.5_arr100_seed808,outputs/expanded-dense-multiseed-20260721/dense/test/datasets/j20_m15_ddt1.5_arr100_seed808.ini,22,"outputs/expanded-dense-multiseed-20260721/dense/agents/seed-22/Best_agent_hidden_layers_7neurons_per_layer_[207, 145, 78, 79, 205, 105, 217]_batch_size_32.pth",0.0,1737,50.28593360199578,150,SPT_DR_O,1.0,ok,,0,0.0,0,0.0,150,1.0,0,0.0,0,0.0,0,0.0,0,0.0,0,0.0,0,0.0
j20_m15_ddt1.5_arr100_seed909,outputs/expanded-dense-multiseed-20260721/dense/test/datasets/j20_m15_ddt1.5_arr100_seed909.ini,22,"outputs/expanded-dense-multiseed-20260721/dense/agents/seed-22/Best_agent_hidden_layers_7neurons_per_layer_[207, 145, 78, 79, 205, 105, 217]_batch_size_32.pth",0.0,1523,58.949441891004604,152,SPT_DR_O,1.0,ok,,0,0.0,0,0.0,152,1.0,0,0.0,0,0.0,0,0.0,0,0.0,0,0.0,0,0.0
j20_m15_ddt1.5_arr200_seed707,outputs/expanded-dense-multiseed-20260721/dense/test/datasets/j20_m15_ddt1.5_arr200_seed707.ini,22,"outputs/expanded-dense-multiseed-20260721/dense/agents/seed-22/Best_agent_hidden_layers_7neurons_per_layer_[207, 145, 78, 79, 205, 105, 217]_batch_size_32.pth",0.0,1998,47.600934267600934,160,SPT_DR_O,1.0,ok,,0,0.0,0,0.0,160,1.0,0,0.0,0,0.0,0,0.0,0,0.0,0,0.0,0,0.0
j20_m15_ddt1.5_arr200_seed808,outputs/expanded-dense-multiseed-20260721/dense/test/datasets/j20_m15_ddt1.5_arr200_seed808.ini,22,"outputs/expanded-dense-multiseed-20260721/dense/agents/seed-22/Best_agent_hidden_layers_7neurons_per_layer_[207, 145, 78, 79, 205, 105, 217]_batch_size_32.pth",0.0,2599,33.53084519687059,150,SPT_DR_O,1.0,ok,,0,0.0,0,0.0,150,1.0,0,0.0,0,0.0,0,0.0,0,0.0,0,0.0,0,0.0
j20_m15_ddt1.5_arr200_seed909,outputs/expanded-dense-multiseed-20260721/dense/test/datasets/j20_m15_ddt1.5_arr200_seed909.ini,22,"outputs/expanded-dense-multiseed-20260721/dense/agents/seed-22/Best_agent_hidden_layers_7neurons_per_layer_[207, 145, 78, 79, 205, 105, 217]_batch_size_32.pth",0.0,2241,39.28008329614755,152,SPT_DR_O,1.0,ok,,0,0.0,0,0.0,152,1.0,0,0.0,0,0.0,0,0.0,0,0.0,0,0.0,0,0.0
j20_m15_ddt1.5_arr50_seed707,outputs/expanded-dense-multiseed-20260721/dense/test/datasets/j20_m15_ddt1.5_arr50_seed707.ini,22,"outputs/expanded-dense-multiseed-20260721/dense/agents/seed-22/Best_agent_hidden_layers_7neurons_per_layer_[207, 145, 78, 79, 205, 105, 217]_batch_size_32.pth",0.0,1166,77.5871926815323,160,SPT_DR_O,1.0,ok,,0,0.0,0,0.0,160,1.0,0,0.0,0,0.0,0,0.0,0,0.0,0,0.0,0,0.0
j20_m15_ddt1.5_arr50_seed808,outputs/expanded-dense-multiseed-20260721/dense/test/datasets/j20_m15_ddt1.5_arr50_seed808.ini,22,"outputs/expanded-dense-multiseed-20260721/dense/agents/seed-22/Best_agent_hidden_layers_7neurons_per_layer_[207, 145, 78, 79, 205, 105, 217]_batch_size_32.pth",0.0,1306,66.9576314446146,150,SPT_DR_O,1.0,ok,,0,0.0,0,0.0,150,1.0,0,0.0,0,0.0,0,0.0,0,0.0,0,0.0,0,0.0
j20_m15_ddt1.5_arr50_seed909,outputs/expanded-dense-multiseed-20260721/dense/test/datasets/j20_m15_ddt1.5_arr50_seed909.ini,22,"outputs/expanded-dense-multiseed-20260721/dense/agents/seed-22/Best_agent_hidden_layers_7neurons_per_layer_[207, 145, 78, 79, 205, 105, 217]_batch_size_32.pth",0.0,1315,67.15842839036755,152,SPT_DR_O,1.0,ok,,0,0.0,0,0.0,152,1.0,0,0.0,0,0.0,0,0.0,0,0.0,0,0.0,0,0.0
j20_m15_ddt1_arr100_seed707,outputs/expanded-dense-multiseed-20260721/dense/test/datasets/j20_m15_ddt1_arr100_seed707.ini,22,"outputs/expanded-dense-multiseed-20260721/dense/agents/seed-22/Best_agent_hidden_layers_7neurons_per_layer_[207, 145, 78, 79, 205, 105, 217]_batch_size_32.pth",0.0625,1528,61.37434554973823,160,SPT_DR_O,1.0,ok,,0,0.0,0,0.0,160,1.0,0,0.0,0,0.0,0,0.0,0,0.0,0,0.0,0,0.0
j20_m15_ddt1_arr100_seed808,outputs/expanded-dense-multiseed-20260721/dense/test/datasets/j20_m15_ddt1_arr100_seed808.ini,22,"outputs/expanded-dense-multiseed-20260721/dense/agents/seed-22/Best_agent_hidden_layers_7neurons_per_layer_[207, 145, 78, 79, 205, 105, 217]_batch_size_32.pth",0.04,1737,50.28593360199578,150,SPT_DR_O,1.0,ok,,0,0.0,0,0.0,150,1.0,0,0.0,0,0.0,0,0.0,0,0.0,0,0.0,0,0.0
j20_m15_ddt1_arr100_seed909,outputs/expanded-dense-multiseed-20260721/dense/test/datasets/j20_m15_ddt1_arr100_seed909.ini,22,"outputs/expanded-dense-multiseed-20260721/dense/agents/seed-22/Best_agent_hidden_layers_7neurons_per_layer_[207, 145, 78, 79, 205, 105, 217]_batch_size_32.pth",0.013157894736842105,1523,58.949441891004604,152,SPT_DR_O,1.0,ok,,0,0.0,0,0.0,152,1.0,0,0.0,0,0.0,0,0.0,0,0.0,0,0.0,0,0.0
j20_m15_ddt1_arr200_seed707,outputs/expanded-dense-multiseed-20260721/dense/test/datasets/j20_m15_ddt1_arr200_seed707.ini,22,"outputs/expanded-dense-multiseed-20260721/dense/agents/seed-22/Best_agent_hidden_layers_7neurons_per_layer_[207, 145, 78, 79, 205, 105, 217]_batch_size_32.pth",0.03125,1998,47.600934267600934,160,SPT_DR_O,1.0,ok,,0,0.0,0,0.0,160,1.0,0,0.0,0,0.0,0,0.0,0,0.0,0,0.0,0,0.0
j20_m15_ddt1_arr200_seed808,outputs/expanded-dense-multiseed-20260721/dense/test/datasets/j20_m15_ddt1_arr200_seed808.ini,22,"outputs/expanded-dense-multiseed-20260721/dense/agents/seed-22/Best_agent_hidden_layers_7neurons_per_layer_[207, 145, 78, 79, 205, 105, 217]_batch_size_32.pth",0.02,2599,33.53084519687059,150,SPT_DR_O,1.0,ok,,0,0.0,0,0.0,150,1.0,0,0.0,0,0.0,0,0.0,0,0.0,0,0.0,0,0.0
j20_m15_ddt1_arr200_seed909,outputs/expanded-dense-multiseed-20260721/dense/test/datasets/j20_m15_ddt1_arr200_seed909.ini,22,"outputs/expanded-dense-multiseed-20260721/dense/agents/seed-22/Best_agent_hidden_layers_7neurons_per_layer_[207, 145, 78, 79, 205, 105, 217]_batch_size_32.pth",0.0,2241,39.28008329614755,152,SPT_DR_O,1.0,ok,,0,0.0,0,0.0,152,1.0,0,0.0,0,0.0,0,0.0,0,0.0,0,0.0,0,0.0
j20_m15_ddt1_arr50_seed707,outputs/expanded-dense-multiseed-20260721/dense/test/datasets/j20_m15_ddt1_arr50_seed707.ini,22,"outputs/expanded-dense-multiseed-20260721/dense/agents/seed-22/Best_agent_hidden_layers_7neurons_per_layer_[207, 145, 78, 79, 205, 105, 217]_batch_size_32.pth",0.08125,1166,77.5871926815323,160,SPT_DR_O,1.0,ok,,0,0.0,0,0.0,160,1.0,0,0.0,0,0.0,0,0.0,0,0.0,0,0.0,0,0.0
j20_m15_ddt1_arr50_seed808,outputs/expanded-dense-multiseed-20260721/dense/test/datasets/j20_m15_ddt1_arr50_seed808.ini,22,"outputs/expanded-dense-multiseed-20260721/dense/agents/seed-22/Best_agent_hidden_layers_7neurons_per_layer_[207, 145, 78, 79, 205, 105, 217]_batch_size_32.pth",0.08666666666666667,1306,66.9576314446146,150,SPT_DR_O,1.0,ok,,0,0.0,0,0.0,150,1.0,0,0.0,0,0.0,0,0.0,0,0.0,0,0.0,0,0.0
j20_m15_ddt1_arr50_seed909,outputs/expanded-dense-multiseed-20260721/dense/test/datasets/j20_m15_ddt1_arr50_seed909.ini,22,"outputs/expanded-dense-multiseed-20260721/dense/agents/seed-22/Best_agent_hidden_layers_7neurons_per_layer_[207, 145, 78, 79, 205, 105, 217]_batch_size_32.pth",0.05921052631578947,1315,67.15842839036755,152,SPT_DR_O,1.0,ok,,0,0.0,0,0.0,152,1.0,0,0.0,0,0.0,0,0.0,0,0.0,0,0.0,0,0.0
j50_m15_ddt0.5_arr100_seed707,outputs/expanded-dense-multiseed-20260721/dense/test/datasets/j50_m15_ddt0.5_arr100_seed707.ini,22,"outputs/expanded-dense-multiseed-20260721/dense/agents/seed-22/Best_agent_hidden_layers_7neurons_per_layer_[207, 145, 78, 79, 205, 105, 217]_batch_size_32.pth",0.5621761658031088,3567,62.627791795159325,393,SPT_DR_O,1.0,ok,,0,0.0,0,0.0,393,1.0,0,0.0,0,0.0,0,0.0,0,0.0,0,0.0,0,0.0
j50_m15_ddt0.5_arr100_seed808,outputs/expanded-dense-multiseed-20260721/dense/test/datasets/j50_m15_ddt0.5_arr100_seed808.ini,22,"outputs/expanded-dense-multiseed-20260721/dense/agents/seed-22/Best_agent_hidden_layers_7neurons_per_layer_[207, 145, 78, 79, 205, 105, 217]_batch_size_32.pth",0.5798969072164949,3000,70.46,395,SPT_DR_O,1.0,ok,,0,0.0,0,0.0,395,1.0,0,0.0,0,0.0,0,0.0,0,0.0,0,0.0,0,0.0
j50_m15_ddt0.5_arr100_seed909,outputs/expanded-dense-multiseed-20260721/dense/test/datasets/j50_m15_ddt0.5_arr100_seed909.ini,22,"outputs/expanded-dense-multiseed-20260721/dense/agents/seed-22/Best_agent_hidden_layers_7neurons_per_layer_[207, 145, 78, 79, 205, 105, 217]_batch_size_32.pth",0.592964824120603,3547,61.984775866929795,406,SPT_DR_O,1.0,ok,,0,0.0,0,0.0,406,1.0,0,0.0,0,0.0,0,0.0,0,0.0,0,0.0,0,0.0
j50_m15_ddt0.5_arr200_seed707,outputs/expanded-dense-multiseed-20260721/dense/test/datasets/j50_m15_ddt0.5_arr200_seed707.ini,22,"outputs/expanded-dense-multiseed-20260721/dense/agents/seed-22/Best_agent_hidden_layers_7neurons_per_layer_[207, 145, 78, 79, 205, 105, 217]_batch_size_32.pth",0.5284974093264249,6550,34.072264631043254,394,SPT_DR_O,1.0,ok,,0,0.0,0,0.0,394,1.0,0,0.0,0,0.0,0,0.0,0,0.0,0,0.0,0,0.0
j50_m15_ddt0.5_arr200_seed808,outputs/expanded-dense-multiseed-20260721/dense/test/datasets/j50_m15_ddt0.5_arr200_seed808.ini,22,"outputs/expanded-dense-multiseed-20260721/dense/agents/seed-22/Best_agent_hidden_layers_7neurons_per_layer_[207, 145, 78, 79, 205, 105, 217]_batch_size_32.pth",0.538659793814433,5228,41.11578678908442,393,SPT_DR_O,1.0,ok,,0,0.0,0,0.0,393,1.0,0,0.0,0,0.0,0,0.0,0,0.0,0,0.0,0,0.0
j50_m15_ddt0.5_arr200_seed909,outputs/expanded-dense-multiseed-20260721/dense/test/datasets/j50_m15_ddt0.5_arr200_seed909.ini,22,"outputs/expanded-dense-multiseed-20260721/dense/agents/seed-22/Best_agent_hidden_layers_7neurons_per_layer_[207, 145, 78, 79, 205, 105, 217]_batch_size_32.pth",0.5477386934673367,6292,35.22356431447341,402,SPT_DR_O,1.0,ok,,0,0.0,0,0.0,402,1.0,0,0.0,0,0.0,0,0.0,0,0.0,0,0.0,0,0.0
j50_m15_ddt0.5_arr50_seed707,outputs/expanded-dense-multiseed-20260721/dense/test/datasets/j50_m15_ddt0.5_arr50_seed707.ini,22,"outputs/expanded-dense-multiseed-20260721/dense/agents/seed-22/Best_agent_hidden_layers_7neurons_per_layer_[207, 145, 78, 79, 205, 105, 217]_batch_size_32.pth",0.616580310880829,3119,67.0278935556268,391,SPT_DR_O,1.0,ok,,0,0.0,0,0.0,391,1.0,0,0.0,0,0.0,0,0.0,0,0.0,0,0.0,0,0.0
j50_m15_ddt0.5_arr50_seed808,outputs/expanded-dense-multiseed-20260721/dense/test/datasets/j50_m15_ddt0.5_arr50_seed808.ini,22,"outputs/expanded-dense-multiseed-20260721/dense/agents/seed-22/Best_agent_hidden_layers_7neurons_per_layer_[207, 145, 78, 79, 205, 105, 217]_batch_size_32.pth",0.6469072164948454,3054,65.90482427417595,392,SPT_DR_O,1.0,ok,,0,0.0,0,0.0,392,1.0,0,0.0,0,0.0,0,0.0,0,0.0,0,0.0,0,0.0
j50_m15_ddt0.5_arr50_seed909,outputs/expanded-dense-multiseed-20260721/dense/test/datasets/j50_m15_ddt0.5_arr50_seed909.ini,22,"outputs/expanded-dense-multiseed-20260721/dense/agents/seed-22/Best_agent_hidden_layers_7neurons_per_layer_[207, 145, 78, 79, 205, 105, 217]_batch_size_32.pth",0.628140703517588,2459,84.56283041886947,402,SPT_DR_O,1.0,ok,,0,0.0,0,0.0,402,1.0,0,0.0,0,0.0,0,0.0,0,0.0,0,0.0,0,0.0
j50_m15_ddt1.5_arr100_seed707,outputs/expanded-dense-multiseed-20260721/dense/test/datasets/j50_m15_ddt1.5_arr100_seed707.ini,22,"outputs/expanded-dense-multiseed-20260721/dense/agents/seed-22/Best_agent_hidden_layers_7neurons_per_layer_[207, 145, 78, 79, 205, 105, 217]_batch_size_32.pth",0.04404145077720207,3567,62.627791795159325,393,SPT_DR_O,1.0,ok,,0,0.0,0,0.0,393,1.0,0,0.0,0,0.0,0,0.0,0,0.0,0,0.0,0,0.0
j50_m15_ddt1.5_arr100_seed808,outputs/expanded-dense-multiseed-20260721/dense/test/datasets/j50_m15_ddt1.5_arr100_seed808.ini,22,"outputs/expanded-dense-multiseed-20260721/dense/agents/seed-22/Best_agent_hidden_layers_7neurons_per_layer_[207, 145, 78, 79, 205, 105, 217]_batch_size_32.pth",0.1056701030927835,3000,70.46,395,SPT_DR_O,1.0,ok,,0,0.0,0,0.0,395,1.0,0,0.0,0,0.0,0,0.0,0,0.0,0,0.0,0,0.0
j50_m15_ddt1.5_arr100_seed909,outputs/expanded-dense-multiseed-20260721/dense/test/datasets/j50_m15_ddt1.5_arr100_seed909.ini,22,"outputs/expanded-dense-multiseed-20260721/dense/agents/seed-22/Best_agent_hidden_layers_7neurons_per_layer_[207, 145, 78, 79, 205, 105, 217]_batch_size_32.pth",0.10050251256281408,3547,61.984775866929795,406,SPT_DR_O,1.0,ok,,0,0.0,0,0.0,406,1.0,0,0.0,0,0.0,0,0.0,0,0.0,0,0.0,0,0.0
j50_m15_ddt1.5_arr200_seed707,outputs/expanded-dense-multiseed-20260721/dense/test/datasets/j50_m15_ddt1.5_arr200_seed707.ini,22,"outputs/expanded-dense-multiseed-20260721/dense/agents/seed-22/Best_agent_hidden_layers_7neurons_per_layer_[207, 145, 78, 79, 205, 105, 217]_batch_size_32.pth",0.025906735751295335,6550,34.072264631043254,394,SPT_DR_O,1.0,ok,,0,0.0,0,0.0,394,1.0,0,0.0,0,0.0,0,0.0,0,0.0,0,0.0,0,0.0
j50_m15_ddt1.5_arr200_seed808,outputs/expanded-dense-multiseed-20260721/dense/test/datasets/j50_m15_ddt1.5_arr200_seed808.ini,22,"outputs/expanded-dense-multiseed-20260721/dense/agents/seed-22/Best_agent_hidden_layers_7neurons_per_layer_[207, 145, 78, 79, 205, 105, 217]_batch_size_32.pth",0.07731958762886598,5228,41.11578678908442,393,SPT_DR_O,1.0,ok,,0,0.0,0,0.0,393,1.0,0,0.0,0,0.0,0,0.0,0,0.0,0,0.0,0,0.0
j50_m15_ddt1.5_arr200_seed909,outputs/expanded-dense-multiseed-20260721/dense/test/datasets/j50_m15_ddt1.5_arr200_seed909.ini,22,"outputs/expanded-dense-multiseed-20260721/dense/agents/seed-22/Best_agent_hidden_layers_7neurons_per_layer_[207, 145, 78, 79, 205, 105, 217]_batch_size_32.pth",0.0678391959798995,6292,35.22356431447341,402,SPT_DR_O,1.0,ok,,0,0.0,0,0.0,402,1.0,0,0.0,0,0.0,0,0.0,0,0.0,0,0.0,0,0.0
j50_m15_ddt1.5_arr50_seed707,outputs/expanded-dense-multiseed-20260721/dense/test/datasets/j50_m15_ddt1.5_arr50_seed707.ini,22,"outputs/expanded-dense-multiseed-20260721/dense/agents/seed-22/Best_agent_hidden_layers_7neurons_per_layer_[207, 145, 78, 79, 205, 105, 217]_batch_size_32.pth",0.09067357512953368,3119,67.0278935556268,391,SPT_DR_O,1.0,ok,,0,0.0,0,0.0,391,1.0,0,0.0,0,0.0,0,0.0,0,0.0,0,0.0,0,0.0
j50_m15_ddt1.5_arr50_seed808,outputs/expanded-dense-multiseed-20260721/dense/test/datasets/j50_m15_ddt1.5_arr50_seed808.ini,22,"outputs/expanded-dense-multiseed-20260721/dense/agents/seed-22/Best_agent_hidden_layers_7neurons_per_layer_[207, 145, 78, 79, 205, 105, 217]_batch_size_32.pth",0.21391752577319587,3054,65.90482427417595,392,SPT_DR_O,1.0,ok,,0,0.0,0,0.0,392,1.0,0,0.0,0,0.0,0,0.0,0,0.0,0,0.0,0,0.0
j50_m15_ddt1.5_arr50_seed909,outputs/expanded-dense-multiseed-20260721/dense/test/datasets/j50_m15_ddt1.5_arr50_seed909.ini,22,"outputs/expanded-dense-multiseed-20260721/dense/agents/seed-22/Best_agent_hidden_layers_7neurons_per_layer_[207, 145, 78, 79, 205, 105, 217]_batch_size_32.pth",0.17839195979899497,2459,84.56283041886947,402,SPT_DR_O,1.0,ok,,0,0.0,0,0.0,402,1.0,0,0.0,0,0.0,0,0.0,0,0.0,0,0.0,0,0.0
j50_m15_ddt1_arr100_seed707,outputs/expanded-dense-multiseed-20260721/dense/test/datasets/j50_m15_ddt1_arr100_seed707.ini,22,"outputs/expanded-dense-multiseed-20260721/dense/agents/seed-22/Best_agent_hidden_layers_7neurons_per_layer_[207, 145, 78, 79, 205, 105, 217]_batch_size_32.pth",0.18134715025906736,3567,62.627791795159325,393,SPT_DR_O,1.0,ok,,0,0.0,0,0.0,393,1.0,0,0.0,0,0.0,0,0.0,0,0.0,0,0.0,0,0.0
j50_m15_ddt1_arr100_seed808,outputs/expanded-dense-multiseed-20260721/dense/test/datasets/j50_m15_ddt1_arr100_seed808.ini,22,"outputs/expanded-dense-multiseed-20260721/dense/agents/seed-22/Best_agent_hidden_layers_7neurons_per_layer_[207, 145, 78, 79, 205, 105, 217]_batch_size_32.pth",0.2422680412371134,3000,70.46,395,SPT_DR_O,1.0,ok,,0,0.0,0,0.0,395,1.0,0,0.0,0,0.0,0,0.0,0,0.0,0,0.0,0,0.0
j50_m15_ddt1_arr100_seed909,outputs/expanded-dense-multiseed-20260721/dense/test/datasets/j50_m15_ddt1_arr100_seed909.ini,22,"outputs/expanded-dense-multiseed-20260721/dense/agents/seed-22/Best_agent_hidden_layers_7neurons_per_layer_[207, 145, 78, 79, 205, 105, 217]_batch_size_32.pth",0.24120603015075376,3547,61.984775866929795,406,SPT_DR_O,1.0,ok,,0,0.0,0,0.0,406,1.0,0,0.0,0,0.0,0,0.0,0,0.0,0,0.0,0,0.0
j50_m15_ddt1_arr200_seed707,outputs/expanded-dense-multiseed-20260721/dense/test/datasets/j50_m15_ddt1_arr200_seed707.ini,22,"outputs/expanded-dense-multiseed-20260721/dense/agents/seed-22/Best_agent_hidden_layers_7neurons_per_layer_[207, 145, 78, 79, 205, 105, 217]_batch_size_32.pth",0.13471502590673576,6550,34.072264631043254,394,SPT_DR_O,1.0,ok,,0,0.0,0,0.0,394,1.0,0,0.0,0,0.0,0,0.0,0,0.0,0,0.0,0,0.0
j50_m15_ddt1_arr200_seed808,outputs/expanded-dense-multiseed-20260721/dense/test/datasets/j50_m15_ddt1_arr200_seed808.ini,22,"outputs/expanded-dense-multiseed-20260721/dense/agents/seed-22/Best_agent_hidden_layers_7neurons_per_layer_[207, 145, 78, 79, 205, 105, 217]_batch_size_32.pth",0.17783505154639176,5228,41.11578678908442,393,SPT_DR_O,1.0,ok,,0,0.0,0,0.0,393,1.0,0,0.0,0,0.0,0,0.0,0,0.0,0,0.0,0,0.0
j50_m15_ddt1_arr200_seed909,outputs/expanded-dense-multiseed-20260721/dense/test/datasets/j50_m15_ddt1_arr200_seed909.ini,22,"outputs/expanded-dense-multiseed-20260721/dense/agents/seed-22/Best_agent_hidden_layers_7neurons_per_layer_[207, 145, 78, 79, 205, 105, 217]_batch_size_32.pth",0.18090452261306533,6292,35.22356431447341,402,SPT_DR_O,1.0,ok,,0,0.0,0,0.0,402,1.0,0,0.0,0,0.0,0,0.0,0,0.0,0,0.0,0,0.0
j50_m15_ddt1_arr50_seed707,outputs/expanded-dense-multiseed-20260721/dense/test/datasets/j50_m15_ddt1_arr50_seed707.ini,22,"outputs/expanded-dense-multiseed-20260721/dense/agents/seed-22/Best_agent_hidden_layers_7neurons_per_layer_[207, 145, 78, 79, 205, 105, 217]_batch_size_32.pth",0.266839378238342,3119,67.0278935556268,391,SPT_DR_O,1.0,ok,,0,0.0,0,0.0,391,1.0,0,0.0,0,0.0,0,0.0,0,0.0,0,0.0,0,0.0
j50_m15_ddt1_arr50_seed808,outputs/expanded-dense-multiseed-20260721/dense/test/datasets/j50_m15_ddt1_arr50_seed808.ini,22,"outputs/expanded-dense-multiseed-20260721/dense/agents/seed-22/Best_agent_hidden_layers_7neurons_per_layer_[207, 145, 78, 79, 205, 105, 217]_batch_size_32.pth",0.3582474226804124,3054,65.90482427417595,392,SPT_DR_O,1.0,ok,,0,0.0,0,0.0,392,1.0,0,0.0,0,0.0,0,0.0,0,0.0,0,0.0,0,0.0
j50_m15_ddt1_arr50_seed909,outputs/expanded-dense-multiseed-20260721/dense/test/datasets/j50_m15_ddt1_arr50_seed909.ini,22,"outputs/expanded-dense-multiseed-20260721/dense/agents/seed-22/Best_agent_hidden_layers_7neurons_per_layer_[207, 145, 78, 79, 205, 105, 217]_batch_size_32.pth",0.33668341708542715,2459,84.56283041886947,402,SPT_DR_O,1.0,ok,,0,0.0,0,0.0,402,1.0,0,0.0,0,0.0,0,0.0,0,0.0,0,0.0,0,0.0
j100_m15_ddt0.5_arr100_seed707,outputs/expanded-dense-multiseed-20260721/dense/test/datasets/j100_m15_ddt0.5_arr100_seed707.ini,33,"outputs/expanded-dense-multiseed-20260721/dense/agents/seed-33/Best_agent_hidden_layers_7neurons_per_layer_[207, 145, 78, 79, 205, 105, 217]_batch_size_32.pth",0.707808564231738,6067,79.88901708697323,818,MRT_DR_O,1.0,ok,,818,1.0,0,0.0,0,0.0,0,0.0,0,0.0,0,0.0,0,0.0,0,0.0,0,0.0
j100_m15_ddt0.5_arr100_seed808,outputs/expanded-dense-multiseed-20260721/dense/test/datasets/j100_m15_ddt0.5_arr100_seed808.ini,33,"outputs/expanded-dense-multiseed-20260721/dense/agents/seed-33/Best_agent_hidden_layers_7neurons_per_layer_[207, 145, 78, 79, 205, 105, 217]_batch_size_32.pth",0.7230392156862745,6332,78.74001055473855,839,MRT_DR_O,1.0,ok,,839,1.0,0,0.0,0,0.0,0,0.0,0,0.0,0,0.0,0,0.0,0,0.0,0,0.0
j100_m15_ddt0.5_arr100_seed909,outputs/expanded-dense-multiseed-20260721/dense/test/datasets/j100_m15_ddt0.5_arr100_seed909.ini,33,"outputs/expanded-dense-multiseed-20260721/dense/agents/seed-33/Best_agent_hidden_layers_7neurons_per_layer_[207, 145, 78, 79, 205, 105, 217]_batch_size_32.pth",0.7141104294478527,6294,77.91229742612012,840,MRT_DR_O,1.0,ok,,840,1.0,0,0.0,0,0.0,0,0.0,0,0.0,0,0.0,0,0.0,0,0.0,0,0.0
j100_m15_ddt0.5_arr200_seed707,outputs/expanded-dense-multiseed-20260721/dense/test/datasets/j100_m15_ddt0.5_arr200_seed707.ini,33,"outputs/expanded-dense-multiseed-20260721/dense/agents/seed-33/Best_agent_hidden_layers_7neurons_per_layer_[207, 145, 78, 79, 205, 105, 217]_batch_size_32.pth",0.6662468513853904,11385,42.52495974235105,818,MRT_DR_O,1.0,ok,,818,1.0,0,0.0,0,0.0,0,0.0,0,0.0,0,0.0,0,0.0,0,0.0,0,0.0
j100_m15_ddt0.5_arr200_seed808,outputs/expanded-dense-multiseed-20260721/dense/test/datasets/j100_m15_ddt0.5_arr200_seed808.ini,33,"outputs/expanded-dense-multiseed-20260721/dense/agents/seed-33/Best_agent_hidden_layers_7neurons_per_layer_[207, 145, 78, 79, 205, 105, 217]_batch_size_32.pth",0.6825980392156863,10677,46.019168930098964,841,MRT_DR_O,1.0,ok,,841,1.0,0,0.0,0,0.0,0,0.0,0,0.0,0,0.0,0,0.0,0,0.0,0,0.0
j100_m15_ddt0.5_arr200_seed909,outputs/expanded-dense-multiseed-20260721/dense/test/datasets/j100_m15_ddt0.5_arr200_seed909.ini,33,"outputs/expanded-dense-multiseed-20260721/dense/agents/seed-33/Best_agent_hidden_layers_7neurons_per_layer_[207, 145, 78, 79, 205, 105, 217]_batch_size_32.pth",0.6711656441717792,10193,47.896922724745735,839,MRT_DR_O,1.0,ok,,839,1.0,0,0.0,0,0.0,0,0.0,0,0.0,0,0.0,0,0.0,0,0.0,0,0.0
j100_m15_ddt0.5_arr50_seed707,outputs/expanded-dense-multiseed-20260721/dense/test/datasets/j100_m15_ddt0.5_arr50_seed707.ini,33,"outputs/expanded-dense-multiseed-20260721/dense/agents/seed-33/Best_agent_hidden_layers_7neurons_per_layer_[207, 145, 78, 79, 205, 105, 217]_batch_size_32.pth",0.7367758186397985,5994,80.8240899914196,818,MRT_DR_O,1.0,ok,,818,1.0,0,0.0,0,0.0,0,0.0,0,0.0,0,0.0,0,0.0,0,0.0,0,0.0
j100_m15_ddt0.5_arr50_seed808,outputs/expanded-dense-multiseed-20260721/dense/test/datasets/j100_m15_ddt0.5_arr50_seed808.ini,33,"outputs/expanded-dense-multiseed-20260721/dense/agents/seed-33/Best_agent_hidden_layers_7neurons_per_layer_[207, 145, 78, 79, 205, 105, 217]_batch_size_32.pth",0.7426470588235294,5635,86.79798876072167,836,MRT_DR_O,1.0,ok,,836,1.0,0,0.0,0,0.0,0,0.0,0,0.0,0,0.0,0,0.0,0,0.0,0,0.0
j100_m15_ddt0.5_arr50_seed909,outputs/expanded-dense-multiseed-20260721/dense/test/datasets/j100_m15_ddt0.5_arr50_seed909.ini,33,"outputs/expanded-dense-multiseed-20260721/dense/agents/seed-33/Best_agent_hidden_layers_7neurons_per_layer_[207, 145, 78, 79, 205, 105, 217]_batch_size_32.pth",0.7521472392638037,6294,78.64209299862303,841,MRT_DR_O,1.0,ok,,841,1.0,0,0.0,0,0.0,0,0.0,0,0.0,0,0.0,0,0.0,0,0.0,0,0.0
j100_m15_ddt1.5_arr100_seed707,outputs/expanded-dense-multiseed-20260721/dense/test/datasets/j100_m15_ddt1.5_arr100_seed707.ini,33,"outputs/expanded-dense-multiseed-20260721/dense/agents/seed-33/Best_agent_hidden_layers_7neurons_per_layer_[207, 145, 78, 79, 205, 105, 217]_batch_size_32.pth",0.3954659949622166,6067,79.88901708697323,818,MRT_DR_O,1.0,ok,,818,1.0,0,0.0,0,0.0,0,0.0,0,0.0,0,0.0,0,0.0,0,0.0,0,0.0
j100_m15_ddt1.5_arr100_seed808,outputs/expanded-dense-multiseed-20260721/dense/test/datasets/j100_m15_ddt1.5_arr100_seed808.ini,33,"outputs/expanded-dense-multiseed-20260721/dense/agents/seed-33/Best_agent_hidden_layers_7neurons_per_layer_[207, 145, 78, 79, 205, 105, 217]_batch_size_32.pth",0.40441176470588236,6332,78.74001055473855,839,MRT_DR_O,1.0,ok,,839,1.0,0,0.0,0,0.0,0,0.0,0,0.0,0,0.0,0,0.0,0,0.0,0,0.0
j100_m15_ddt1.5_arr100_seed909,outputs/expanded-dense-multiseed-20260721/dense/test/datasets/j100_m15_ddt1.5_arr100_seed909.ini,33,"outputs/expanded-dense-multiseed-20260721/dense/agents/seed-33/Best_agent_hidden_layers_7neurons_per_layer_[207, 145, 78, 79, 205, 105, 217]_batch_size_32.pth",0.4147239263803681,6294,77.91229742612012,840,MRT_DR_O,1.0,ok,,840,1.0,0,0.0,0,0.0,0,0.0,0,0.0,0,0.0,0,0.0,0,0.0,0,0.0
j100_m15_ddt1.5_arr200_seed707,outputs/expanded-dense-multiseed-20260721/dense/test/datasets/j100_m15_ddt1.5_arr200_seed707.ini,33,"outputs/expanded-dense-multiseed-20260721/dense/agents/seed-33/Best_agent_hidden_layers_7neurons_per_layer_[207, 145, 78, 79, 205, 105, 217]_batch_size_32.pth",0.3123425692695214,11385,42.52495974235105,818,MRT_DR_O,1.0,ok,,818,1.0,0,0.0,0,0.0,0,0.0,0,0.0,0,0.0,0,0.0,0,0.0,0,0.0
j100_m15_ddt1.5_arr200_seed808,outputs/expanded-dense-multiseed-20260721/dense/test/datasets/j100_m15_ddt1.5_arr200_seed808.ini,33,"outputs/expanded-dense-multiseed-20260721/dense/agents/seed-33/Best_agent_hidden_layers_7neurons_per_layer_[207, 145, 78, 79, 205, 105, 217]_batch_size_32.pth",0.33455882352941174,10677,46.019168930098964,841,MRT_DR_O,1.0,ok,,841,1.0,0,0.0,0,0.0,0,0.0,0,0.0,0,0.0,0,0.0,0,0.0,0,0.0
j100_m15_ddt1.5_arr200_seed909,outputs/expanded-dense-multiseed-20260721/dense/test/datasets/j100_m15_ddt1.5_arr200_seed909.ini,33,"outputs/expanded-dense-multiseed-20260721/dense/agents/seed-33/Best_agent_hidden_layers_7neurons_per_layer_[207, 145, 78, 79, 205, 105, 217]_batch_size_32.pth",0.3141104294478528,10193,47.896922724745735,839,MRT_DR_O,1.0,ok,,839,1.0,0,0.0,0,0.0,0,0.0,0,0.0,0,0.0,0,0.0,0,0.0,0,0.0
j100_m15_ddt1.5_arr50_seed707,outputs/expanded-dense-multiseed-20260721/dense/test/datasets/j100_m15_ddt1.5_arr50_seed707.ini,33,"outputs/expanded-dense-multiseed-20260721/dense/agents/seed-33/Best_agent_hidden_layers_7neurons_per_layer_[207, 145, 78, 79, 205, 105, 217]_batch_size_32.pth",0.5617128463476071,5994,80.8240899914196,818,MRT_DR_O,1.0,ok,,818,1.0,0,0.0,0,0.0,0,0.0,0,0.0,0,0.0,0,0.0,0,0.0,0,0.0
j100_m15_ddt1.5_arr50_seed808,outputs/expanded-dense-multiseed-20260721/dense/test/datasets/j100_m15_ddt1.5_arr50_seed808.ini,33,"outputs/expanded-dense-multiseed-20260721/dense/agents/seed-33/Best_agent_hidden_layers_7neurons_per_layer_[207, 145, 78, 79, 205, 105, 217]_batch_size_32.pth",0.5490196078431373,5635,86.79798876072167,836,MRT_DR_O,1.0,ok,,836,1.0,0,0.0,0,0.0,0,0.0,0,0.0,0,0.0,0,0.0,0,0.0,0,0.0
j100_m15_ddt1.5_arr50_seed909,outputs/expanded-dense-multiseed-20260721/dense/test/datasets/j100_m15_ddt1.5_arr50_seed909.ini,33,"outputs/expanded-dense-multiseed-20260721/dense/agents/seed-33/Best_agent_hidden_layers_7neurons_per_layer_[207, 145, 78, 79, 205, 105, 217]_batch_size_32.pth",0.5754601226993865,6294,78.64209299862303,841,MRT_DR_O,1.0,ok,,841,1.0,0,0.0,0,0.0,0,0.0,0,0.0,0,0.0,0,0.0,0,0.0,0,0.0
j100_m15_ddt1_arr100_seed707,outputs/expanded-dense-multiseed-20260721/dense/test/datasets/j100_m15_ddt1_arr100_seed707.ini,33,"outputs/expanded-dense-multiseed-20260721/dense/agents/seed-33/Best_agent_hidden_layers_7neurons_per_layer_[207, 145, 78, 79, 205, 105, 217]_batch_size_32.pth",0.4987405541561713,6067,79.88901708697323,818,MRT_DR_O,1.0,ok,,818,1.0,0,0.0,0,0.0,0,0.0,0,0.0,0,0.0,0,0.0,0,0.0,0,0.0
j100_m15_ddt1_arr100_seed808,outputs/expanded-dense-multiseed-20260721/dense/test/datasets/j100_m15_ddt1_arr100_seed808.ini,33,"outputs/expanded-dense-multiseed-20260721/dense/agents/seed-33/Best_agent_hidden_layers_7neurons_per_layer_[207, 145, 78, 79, 205, 105, 217]_batch_size_32.pth",0.5257352941176471,6332,78.74001055473855,839,MRT_DR_O,1.0,ok,,839,1.0,0,0.0,0,0.0,0,0.0,0,0.0,0,0.0,0,0.0,0,0.0,0,0.0
j100_m15_ddt1_arr100_seed909,outputs/expanded-dense-multiseed-20260721/dense/test/datasets/j100_m15_ddt1_arr100_seed909.ini,33,"outputs/expanded-dense-multiseed-20260721/dense/agents/seed-33/Best_agent_hidden_layers_7neurons_per_layer_[207, 145, 78, 79, 205, 105, 217]_batch_size_32.pth",0.5116564417177915,6294,77.91229742612012,840,MRT_DR_O,1.0,ok,,840,1.0,0,0.0,0,0.0,0,0.0,0,0.0,0,0.0,0,0.0,0,0.0,0,0.0
j100_m15_ddt1_arr200_seed707,outputs/expanded-dense-multiseed-20260721/dense/test/datasets/j100_m15_ddt1_arr200_seed707.ini,33,"outputs/expanded-dense-multiseed-20260721/dense/agents/seed-33/Best_agent_hidden_layers_7neurons_per_layer_[207, 145, 78, 79, 205, 105, 217]_batch_size_32.pth",0.4080604534005038,11385,42.52495974235105,818,MRT_DR_O,1.0,ok,,818,1.0,0,0.0,0,0.0,0,0.0,0,0.0,0,0.0,0,0.0,0,0.0,0,0.0
j100_m15_ddt1_arr200_seed808,outputs/expanded-dense-multiseed-20260721/dense/test/datasets/j100_m15_ddt1_arr200_seed808.ini,33,"outputs/expanded-dense-multiseed-20260721/dense/agents/seed-33/Best_agent_hidden_layers_7neurons_per_layer_[207, 145, 78, 79, 205, 105, 217]_batch_size_32.pth",0.42769607843137253,10677,46.019168930098964,841,MRT_DR_O,1.0,ok,,841,1.0,0,0.0,0,0.0,0,0.0,0,0.0,0,0.0,0,0.0,0,0.0,0,0.0
j100_m15_ddt1_arr200_seed909,outputs/expanded-dense-multiseed-20260721/dense/test/datasets/j100_m15_ddt1_arr200_seed909.ini,33,"outputs/expanded-dense-multiseed-20260721/dense/agents/seed-33/Best_agent_hidden_layers_7neurons_per_layer_[207, 145, 78, 79, 205, 105, 217]_batch_size_32.pth",0.4085889570552147,10193,47.896922724745735,839,MRT_DR_O,1.0,ok,,839,1.0,0,0.0,0,0.0,0,0.0,0,0.0,0,0.0,0,0.0,0,0.0,0,0.0
j100_m15_ddt1_arr50_seed707,outputs/expanded-dense-multiseed-20260721/dense/test/datasets/j100_m15_ddt1_arr50_seed707.ini,33,"outputs/expanded-dense-multiseed-20260721/dense/agents/seed-33/Best_agent_hidden_layers_7neurons_per_layer_[207, 145, 78, 79, 205, 105, 217]_batch_size_32.pth",0.6259445843828715,5994,80.8240899914196,818,MRT_DR_O,1.0,ok,,818,1.0,0,0.0,0,0.0,0,0.0,0,0.0,0,0.0,0,0.0,0,0.0,0,0.0
j100_m15_ddt1_arr50_seed808,outputs/expanded-dense-multiseed-20260721/dense/test/datasets/j100_m15_ddt1_arr50_seed808.ini,33,"outputs/expanded-dense-multiseed-20260721/dense/agents/seed-33/Best_agent_hidden_layers_7neurons_per_layer_[207, 145, 78, 79, 205, 105, 217]_batch_size_32.pth",0.6213235294117647,5635,86.79798876072167,836,MRT_DR_O,1.0,ok,,836,1.0,0,0.0,0,0.0,0,0.0,0,0.0,0,0.0,0,0.0,0,0.0,0,0.0
j100_m15_ddt1_arr50_seed909,outputs/expanded-dense-multiseed-20260721/dense/test/datasets/j100_m15_ddt1_arr50_seed909.ini,33,"outputs/expanded-dense-multiseed-20260721/dense/agents/seed-33/Best_agent_hidden_layers_7neurons_per_layer_[207, 145, 78, 79, 205, 105, 217]_batch_size_32.pth",0.6466257668711657,6294,78.64209299862303,841,MRT_DR_O,1.0,ok,,841,1.0,0,0.0,0,0.0,0,0.0,0,0.0,0,0.0,0,0.0,0,0.0,0,0.0
j20_m15_ddt0.5_arr100_seed707,outputs/expanded-dense-multiseed-20260721/dense/test/datasets/j20_m15_ddt0.5_arr100_seed707.ini,33,"outputs/expanded-dense-multiseed-20260721/dense/agents/seed-33/Best_agent_hidden_layers_7neurons_per_layer_[207, 145, 78, 79, 205, 105, 217]_batch_size_32.pth",0.51875,1504,64.08687943262412,160,MRT_DR_O,1.0,ok,,160,1.0,0,0.0,0,0.0,0,0.0,0,0.0,0,0.0,0,0.0,0,0.0,0,0.0
j20_m15_ddt0.5_arr100_seed808,outputs/expanded-dense-multiseed-20260721/dense/test/datasets/j20_m15_ddt0.5_arr100_seed808.ini,33,"outputs/expanded-dense-multiseed-20260721/dense/agents/seed-33/Best_agent_hidden_layers_7neurons_per_layer_[207, 145, 78, 79, 205, 105, 217]_batch_size_32.pth",0.46,1754,50.923603192702394,150,MRT_DR_O,1.0,ok,,150,1.0,0,0.0,0,0.0,0,0.0,0,0.0,0,0.0,0,0.0,0,0.0,0,0.0
j20_m15_ddt0.5_arr100_seed909,outputs/expanded-dense-multiseed-20260721/dense/test/datasets/j20_m15_ddt0.5_arr100_seed909.ini,33,"outputs/expanded-dense-multiseed-20260721/dense/agents/seed-33/Best_agent_hidden_layers_7neurons_per_layer_[207, 145, 78, 79, 205, 105, 217]_batch_size_32.pth",0.4605263157894737,1496,60.904634581105164,152,MRT_DR_O,1.0,ok,,152,1.0,0,0.0,0,0.0,0,0.0,0,0.0,0,0.0,0,0.0,0,0.0,0,0.0
j20_m15_ddt0.5_arr200_seed707,outputs/expanded-dense-multiseed-20260721/dense/test/datasets/j20_m15_ddt0.5_arr200_seed707.ini,33,"outputs/expanded-dense-multiseed-20260721/dense/agents/seed-33/Best_agent_hidden_layers_7neurons_per_layer_[207, 145, 78, 79, 205, 105, 217]_batch_size_32.pth",0.48125,1971,48.76035853204802,160,MRT_DR_O,1.0,ok,,160,1.0,0,0.0,0,0.0,0,0.0,0,0.0,0,0.0,0,0.0,0,0.0,0,0.0
j20_m15_ddt0.5_arr200_seed808,outputs/expanded-dense-multiseed-20260721/dense/test/datasets/j20_m15_ddt0.5_arr200_seed808.ini,33,"outputs/expanded-dense-multiseed-20260721/dense/agents/seed-33/Best_agent_hidden_layers_7neurons_per_layer_[207, 145, 78, 79, 205, 105, 217]_batch_size_32.pth",0.44666666666666666,2623,33.78574151734655,150,MRT_DR_O,1.0,ok,,150,1.0,0,0.0,0,0.0,0,0.0,0,0.0,0,0.0,0,0.0,0,0.0,0,0.0
j20_m15_ddt0.5_arr200_seed909,outputs/expanded-dense-multiseed-20260721/dense/test/datasets/j20_m15_ddt0.5_arr200_seed909.ini,33,"outputs/expanded-dense-multiseed-20260721/dense/agents/seed-33/Best_agent_hidden_layers_7neurons_per_layer_[207, 145, 78, 79, 205, 105, 217]_batch_size_32.pth",0.45394736842105265,2171,41.67971748810072,152,MRT_DR_O,1.0,ok,,152,1.0,0,0.0,0,0.0,0,0.0,0,0.0,0,0.0,0,0.0,0,0.0,0,0.0
j20_m15_ddt0.5_arr50_seed707,outputs/expanded-dense-multiseed-20260721/dense/test/datasets/j20_m15_ddt0.5_arr50_seed707.ini,33,"outputs/expanded-dense-multiseed-20260721/dense/agents/seed-33/Best_agent_hidden_layers_7neurons_per_layer_[207, 145, 78, 79, 205, 105, 217]_batch_size_32.pth",0.5125,1197,79.54330270119743,160,MRT_DR_O,1.0,ok,,160,1.0,0,0.0,0,0.0,0,0.0,0,0.0,0,0.0,0,0.0,0,0.0,0,0.0
j20_m15_ddt0.5_arr50_seed808,outputs/expanded-dense-multiseed-20260721/dense/test/datasets/j20_m15_ddt0.5_arr50_seed808.ini,33,"outputs/expanded-dense-multiseed-20260721/dense/agents/seed-33/Best_agent_hidden_layers_7neurons_per_layer_[207, 145, 78, 79, 205, 105, 217]_batch_size_32.pth",0.52,1225,74.11156462585032,150,MRT_DR_O,1.0,ok,,150,1.0,0,0.0,0,0.0,0,0.0,0,0.0,0,0.0,0,0.0,0,0.0,0,0.0
j20_m15_ddt0.5_arr50_seed909,outputs/expanded-dense-multiseed-20260721/dense/test/datasets/j20_m15_ddt0.5_arr50_seed909.ini,33,"outputs/expanded-dense-multiseed-20260721/dense/agents/seed-33/Best_agent_hidden_layers_7neurons_per_layer_[207, 145, 78, 79, 205, 105, 217]_batch_size_32.pth",0.48026315789473684,1234,74.32198811453269,152,MRT_DR_O,1.0,ok,,152,1.0,0,0.0,0,0.0,0,0.0,0,0.0,0,0.0,0,0.0,0,0.0,0,0.0
j20_m15_ddt1.5_arr100_seed707,outputs/expanded-dense-multiseed-20260721/dense/test/datasets/j20_m15_ddt1.5_arr100_seed707.ini,33,"outputs/expanded-dense-multiseed-20260721/dense/agents/seed-33/Best_agent_hidden_layers_7neurons_per_layer_[207, 145, 78, 79, 205, 105, 217]_batch_size_32.pth",0.00625,1504,64.08687943262412,160,MRT_DR_O,1.0,ok,,160,1.0,0,0.0,0,0.0,0,0.0,0,0.0,0,0.0,0,0.0,0,0.0,0,0.0
j20_m15_ddt1.5_arr100_seed808,outputs/expanded-dense-multiseed-20260721/dense/test/datasets/j20_m15_ddt1.5_arr100_seed808.ini,33,"outputs/expanded-dense-multiseed-20260721/dense/agents/seed-33/Best_agent_hidden_layers_7neurons_per_layer_[207, 145, 78, 79, 205, 105, 217]_batch_size_32.pth",0.0,1754,50.923603192702394,150,MRT_DR_O,1.0,ok,,150,1.0,0,0.0,0,0.0,0,0.0,0,0.0,0,0.0,0,0.0,0,0.0,0,0.0
j20_m15_ddt1.5_arr100_seed909,outputs/expanded-dense-multiseed-20260721/dense/test/datasets/j20_m15_ddt1.5_arr100_seed909.ini,33,"outputs/expanded-dense-multiseed-20260721/dense/agents/seed-33/Best_agent_hidden_layers_7neurons_per_layer_[207, 145, 78, 79, 205, 105, 217]_batch_size_32.pth",0.0,1496,60.904634581105164,152,MRT_DR_O,1.0,ok,,152,1.0,0,0.0,0,0.0,0,0.0,0,0.0,0,0.0,0,0.0,0,0.0,0,0.0
j20_m15_ddt1.5_arr200_seed707,outputs/expanded-dense-multiseed-20260721/dense/test/datasets/j20_m15_ddt1.5_arr200_seed707.ini,33,"outputs/expanded-dense-multiseed-20260721/dense/agents/seed-33/Best_agent_hidden_layers_7neurons_per_layer_[207, 145, 78, 79, 205, 105, 217]_batch_size_32.pth",0.0,1971,48.76035853204802,160,MRT_DR_O,1.0,ok,,160,1.0,0,0.0,0,0.0,0,0.0,0,0.0,0,0.0,0,0.0,0,0.0,0,0.0
j20_m15_ddt1.5_arr200_seed808,outputs/expanded-dense-multiseed-20260721/dense/test/datasets/j20_m15_ddt1.5_arr200_seed808.ini,33,"outputs/expanded-dense-multiseed-20260721/dense/agents/seed-33/Best_agent_hidden_layers_7neurons_per_layer_[207, 145, 78, 79, 205, 105, 217]_batch_size_32.pth",0.0,2623,33.78574151734655,150,MRT_DR_O,1.0,ok,,150,1.0,0,0.0,0,0.0,0,0.0,0,0.0,0,0.0,0,0.0,0,0.0,0,0.0
j20_m15_ddt1.5_arr200_seed909,outputs/expanded-dense-multiseed-20260721/dense/test/datasets/j20_m15_ddt1.5_arr200_seed909.ini,33,"outputs/expanded-dense-multiseed-20260721/dense/agents/seed-33/Best_agent_hidden_layers_7neurons_per_layer_[207, 145, 78, 79, 205, 105, 217]_batch_size_32.pth",0.0,2171,41.67971748810072,152,MRT_DR_O,1.0,ok,,152,1.0,0,0.0,0,0.0,0,0.0,0,0.0,0,0.0,0,0.0,0,0.0,0,0.0
j20_m15_ddt1.5_arr50_seed707,outputs/expanded-dense-multiseed-20260721/dense/test/datasets/j20_m15_ddt1.5_arr50_seed707.ini,33,"outputs/expanded-dense-multiseed-20260721/dense/agents/seed-33/Best_agent_hidden_layers_7neurons_per_layer_[207, 145, 78, 79, 205, 105, 217]_batch_size_32.pth",0.0,1197,79.54330270119743,160,MRT_DR_O,1.0,ok,,160,1.0,0,0.0,0,0.0,0,0.0,0,0.0,0,0.0,0,0.0,0,0.0,0,0.0
j20_m15_ddt1.5_arr50_seed808,outputs/expanded-dense-multiseed-20260721/dense/test/datasets/j20_m15_ddt1.5_arr50_seed808.ini,33,"outputs/expanded-dense-multiseed-20260721/dense/agents/seed-33/Best_agent_hidden_layers_7neurons_per_layer_[207, 145, 78, 79, 205, 105, 217]_batch_size_32.pth",0.0,1225,74.11156462585032,150,MRT_DR_O,1.0,ok,,150,1.0,0,0.0,0,0.0,0,0.0,0,0.0,0,0.0,0,0.0,0,0.0,0,0.0
j20_m15_ddt1.5_arr50_seed909,outputs/expanded-dense-multiseed-20260721/dense/test/datasets/j20_m15_ddt1.5_arr50_seed909.ini,33,"outputs/expanded-dense-multiseed-20260721/dense/agents/seed-33/Best_agent_hidden_layers_7neurons_per_layer_[207, 145, 78, 79, 205, 105, 217]_batch_size_32.pth",0.006578947368421052,1234,74.32198811453269,152,MRT_DR_O,1.0,ok,,152,1.0,0,0.0,0,0.0,0,0.0,0,0.0,0,0.0,0,0.0,0,0.0,0,0.0
j20_m15_ddt1_arr100_seed707,outputs/expanded-dense-multiseed-20260721/dense/test/datasets/j20_m15_ddt1_arr100_seed707.ini,33,"outputs/expanded-dense-multiseed-20260721/dense/agents/seed-33/Best_agent_hidden_layers_7neurons_per_layer_[207, 145, 78, 79, 205, 105, 217]_batch_size_32.pth",0.0875,1504,64.08687943262412,160,MRT_DR_O,1.0,ok,,160,1.0,0,0.0,0,0.0,0,0.0,0,0.0,0,0.0,0,0.0,0,0.0,0,0.0
j20_m15_ddt1_arr100_seed808,outputs/expanded-dense-multiseed-20260721/dense/test/datasets/j20_m15_ddt1_arr100_seed808.ini,33,"outputs/expanded-dense-multiseed-20260721/dense/agents/seed-33/Best_agent_hidden_layers_7neurons_per_layer_[207, 145, 78, 79, 205, 105, 217]_batch_size_32.pth",0.04,1754,50.923603192702394,150,MRT_DR_O,1.0,ok,,150,1.0,0,0.0,0,0.0,0,0.0,0,0.0,0,0.0,0,0.0,0,0.0,0,0.0
j20_m15_ddt1_arr100_seed909,outputs/expanded-dense-multiseed-20260721/dense/test/datasets/j20_m15_ddt1_arr100_seed909.ini,33,"outputs/expanded-dense-multiseed-20260721/dense/agents/seed-33/Best_agent_hidden_layers_7neurons_per_layer_[207, 145, 78, 79, 205, 105, 217]_batch_size_32.pth",0.013157894736842105,1496,60.904634581105164,152,MRT_DR_O,1.0,ok,,152,1.0,0,0.0,0,0.0,0,0.0,0,0.0,0,0.0,0,0.0,0,0.0,0,0.0
j20_m15_ddt1_arr200_seed707,outputs/expanded-dense-multiseed-20260721/dense/test/datasets/j20_m15_ddt1_arr200_seed707.ini,33,"outputs/expanded-dense-multiseed-20260721/dense/agents/seed-33/Best_agent_hidden_layers_7neurons_per_layer_[207, 145, 78, 79, 205, 105, 217]_batch_size_32.pth",0.025,1971,48.76035853204802,160,MRT_DR_O,1.0,ok,,160,1.0,0,0.0,0,0.0,0,0.0,0,0.0,0,0.0,0,0.0,0,0.0,0,0.0
j20_m15_ddt1_arr200_seed808,outputs/expanded-dense-multiseed-20260721/dense/test/datasets/j20_m15_ddt1_arr200_seed808.ini,33,"outputs/expanded-dense-multiseed-20260721/dense/agents/seed-33/Best_agent_hidden_layers_7neurons_per_layer_[207, 145, 78, 79, 205, 105, 217]_batch_size_32.pth",0.02666666666666667,2623,33.78574151734655,150,MRT_DR_O,1.0,ok,,150,1.0,0,0.0,0,0.0,0,0.0,0,0.0,0,0.0,0,0.0,0,0.0,0,0.0
j20_m15_ddt1_arr200_seed909,outputs/expanded-dense-multiseed-20260721/dense/test/datasets/j20_m15_ddt1_arr200_seed909.ini,33,"outputs/expanded-dense-multiseed-20260721/dense/agents/seed-33/Best_agent_hidden_layers_7neurons_per_layer_[207, 145, 78, 79, 205, 105, 217]_batch_size_32.pth",0.006578947368421052,2171,41.67971748810072,152,MRT_DR_O,1.0,ok,,152,1.0,0,0.0,0,0.0,0,0.0,0,0.0,0,0.0,0,0.0,0,0.0,0,0.0
j20_m15_ddt1_arr50_seed707,outputs/expanded-dense-multiseed-20260721/dense/test/datasets/j20_m15_ddt1_arr50_seed707.ini,33,"outputs/expanded-dense-multiseed-20260721/dense/agents/seed-33/Best_agent_hidden_layers_7neurons_per_layer_[207, 145, 78, 79, 205, 105, 217]_batch_size_32.pth",0.1375,1197,79.54330270119743,160,MRT_DR_O,1.0,ok,,160,1.0,0,0.0,0,0.0,0,0.0,0,0.0,0,0.0,0,0.0,0,0.0,0,0.0
j20_m15_ddt1_arr50_seed808,outputs/expanded-dense-multiseed-20260721/dense/test/datasets/j20_m15_ddt1_arr50_seed808.ini,33,"outputs/expanded-dense-multiseed-20260721/dense/agents/seed-33/Best_agent_hidden_layers_7neurons_per_layer_[207, 145, 78, 79, 205, 105, 217]_batch_size_32.pth",0.1,1225,74.11156462585032,150,MRT_DR_O,1.0,ok,,150,1.0,0,0.0,0,0.0,0,0.0,0,0.0,0,0.0,0,0.0,0,0.0,0,0.0
j20_m15_ddt1_arr50_seed909,outputs/expanded-dense-multiseed-20260721/dense/test/datasets/j20_m15_ddt1_arr50_seed909.ini,33,"outputs/expanded-dense-multiseed-20260721/dense/agents/seed-33/Best_agent_hidden_layers_7neurons_per_layer_[207, 145, 78, 79, 205, 105, 217]_batch_size_32.pth",0.1118421052631579,1234,74.32198811453269,152,MRT_DR_O,1.0,ok,,152,1.0,0,0.0,0,0.0,0,0.0,0,0.0,0,0.0,0,0.0,0,0.0,0,0.0
j50_m15_ddt0.5_arr100_seed707,outputs/expanded-dense-multiseed-20260721/dense/test/datasets/j50_m15_ddt0.5_arr100_seed707.ini,33,"outputs/expanded-dense-multiseed-20260721/dense/agents/seed-33/Best_agent_hidden_layers_7neurons_per_layer_[207, 145, 78, 79, 205, 105, 217]_batch_size_32.pth",0.5932642487046632,3575,66.65361305361306,393,MRT_DR_O,1.0,ok,,393,1.0,0,0.0,0,0.0,0,0.0,0,0.0,0,0.0,0,0.0,0,0.0,0,0.0
j50_m15_ddt0.5_arr100_seed808,outputs/expanded-dense-multiseed-20260721/dense/test/datasets/j50_m15_ddt0.5_arr100_seed808.ini,33,"outputs/expanded-dense-multiseed-20260721/dense/agents/seed-33/Best_agent_hidden_layers_7neurons_per_layer_[207, 145, 78, 79, 205, 105, 217]_batch_size_32.pth",0.6262886597938144,2966,79.68757024050348,394,MRT_DR_O,1.0,ok,,394,1.0,0,0.0,0,0.0,0,0.0,0,0.0,0,0.0,0,0.0,0,0.0,0,0.0
j50_m15_ddt0.5_arr100_seed909,outputs/expanded-dense-multiseed-20260721/dense/test/datasets/j50_m15_ddt0.5_arr100_seed909.ini,33,"outputs/expanded-dense-multiseed-20260721/dense/agents/seed-33/Best_agent_hidden_layers_7neurons_per_layer_[207, 145, 78, 79, 205, 105, 217]_batch_size_32.pth",0.6231155778894473,3518,67.54405912450258,406,MRT_DR_O,1.0,ok,,406,1.0,0,0.0,0,0.0,0,0.0,0,0.0,0,0.0,0,0.0,0,0.0,0,0.0
j50_m15_ddt0.5_arr200_seed707,outputs/expanded-dense-multiseed-20260721/dense/test/datasets/j50_m15_ddt0.5_arr200_seed707.ini,33,"outputs/expanded-dense-multiseed-20260721/dense/agents/seed-33/Best_agent_hidden_layers_7neurons_per_layer_[207, 145, 78, 79, 205, 105, 217]_batch_size_32.pth",0.5647668393782384,6460,36.49226006191951,394,MRT_DR_O,1.0,ok,,394,1.0,0,0.0,0,0.0,0,0.0,0,0.0,0,0.0,0,0.0,0,0.0,0,0.0
j50_m15_ddt0.5_arr200_seed808,outputs/expanded-dense-multiseed-20260721/dense/test/datasets/j50_m15_ddt0.5_arr200_seed808.ini,33,"outputs/expanded-dense-multiseed-20260721/dense/agents/seed-33/Best_agent_hidden_layers_7neurons_per_layer_[207, 145, 78, 79, 205, 105, 217]_batch_size_32.pth",0.5695876288659794,5260,44.49936628643853,393,MRT_DR_O,1.0,ok,,393,1.0,0,0.0,0,0.0,0,0.0,0,0.0,0,0.0,0,0.0,0,0.0,0,0.0
j50_m15_ddt0.5_arr200_seed909,outputs/expanded-dense-multiseed-20260721/dense/test/datasets/j50_m15_ddt0.5_arr200_seed909.ini,33,"outputs/expanded-dense-multiseed-20260721/dense/agents/seed-33/Best_agent_hidden_layers_7neurons_per_layer_[207, 145, 78, 79, 205, 105, 217]_batch_size_32.pth",0.5728643216080402,6292,38.0610298792117,404,MRT_DR_O,1.0,ok,,404,1.0,0,0.0,0,0.0,0,0.0,0,0.0,0,0.0,0,0.0,0,0.0,0,0.0
j50_m15_ddt0.5_arr50_seed707,outputs/expanded-dense-multiseed-20260721/dense/test/datasets/j50_m15_ddt0.5_arr50_seed707.ini,33,"outputs/expanded-dense-multiseed-20260721/dense/agents/seed-33/Best_agent_hidden_layers_7neurons_per_layer_[207, 145, 78, 79, 205, 105, 217]_batch_size_32.pth",0.616580310880829,2938,81.23893805309736,395,MRT_DR_O,1.0,ok,,395,1.0,0,0.0,0,0.0,0,0.0,0,0.0,0,0.0,0,0.0,0,0.0,0,0.0
j50_m15_ddt0.5_arr50_seed808,outputs/expanded-dense-multiseed-20260721/dense/test/datasets/j50_m15_ddt0.5_arr50_seed808.ini,33,"outputs/expanded-dense-multiseed-20260721/dense/agents/seed-33/Best_agent_hidden_layers_7neurons_per_layer_[207, 145, 78, 79, 205, 105, 217]_batch_size_32.pth",0.6726804123711341,2625,89.25175491430761,394,MRT_DR_O,1.0,ok,,394,1.0,0,0.0,0,0.0,0,0.0,0,0.0,0,0.0,0,0.0,0,0.0,0,0.0
j50_m15_ddt0.5_arr50_seed909,outputs/expanded-dense-multiseed-20260721/dense/test/datasets/j50_m15_ddt0.5_arr50_seed909.ini,33,"outputs/expanded-dense-multiseed-20260721/dense/agents/seed-33/Best_agent_hidden_layers_7neurons_per_layer_[207, 145, 78, 79, 205, 105, 217]_batch_size_32.pth",0.6608040201005025,3185,76.01465201465201,409,MRT_DR_O,1.0,ok,,409,1.0,0,0.0,0,0.0,0,0.0,0,0.0,0,0.0,0,0.0,0,0.0,0,0.0
j50_m15_ddt1.5_arr100_seed707,outputs/expanded-dense-multiseed-20260721/dense/test/datasets/j50_m15_ddt1.5_arr100_seed707.ini,33,"outputs/expanded-dense-multiseed-20260721/dense/agents/seed-33/Best_agent_hidden_layers_7neurons_per_layer_[207, 145, 78, 79, 205, 105, 217]_batch_size_32.pth",0.09844559585492228,3575,66.65361305361306,393,MRT_DR_O,1.0,ok,,393,1.0,0,0.0,0,0.0,0,0.0,0,0.0,0,0.0,0,0.0,0,0.0,0,0.0
j50_m15_ddt1.5_arr100_seed808,outputs/expanded-dense-multiseed-20260721/dense/test/datasets/j50_m15_ddt1.5_arr100_seed808.ini,33,"outputs/expanded-dense-multiseed-20260721/dense/agents/seed-33/Best_agent_hidden_layers_7neurons_per_layer_[207, 145, 78, 79, 205, 105, 217]_batch_size_32.pth",0.2268041237113402,2966,79.68757024050348,394,MRT_DR_O,1.0,ok,,394,1.0,0,0.0,0,0.0,0,0.0,0,0.0,0,0.0,0,0.0,0,0.0,0,0.0
j50_m15_ddt1.5_arr100_seed909,outputs/expanded-dense-multiseed-20260721/dense/test/datasets/j50_m15_ddt1.5_arr100_seed909.ini,33,"outputs/expanded-dense-multiseed-20260721/dense/agents/seed-33/Best_agent_hidden_layers_7neurons_per_layer_[207, 145, 78, 79, 205, 105, 217]_batch_size_32.pth",0.17336683417085427,3518,67.54405912450258,406,MRT_DR_O,1.0,ok,,406,1.0,0,0.0,0,0.0,0,0.0,0,0.0,0,0.0,0,0.0,0,0.0,0,0.0
j50_m15_ddt1.5_arr200_seed707,outputs/expanded-dense-multiseed-20260721/dense/test/datasets/j50_m15_ddt1.5_arr200_seed707.ini,33,"outputs/expanded-dense-multiseed-20260721/dense/agents/seed-33/Best_agent_hidden_layers_7neurons_per_layer_[207, 145, 78, 79, 205, 105, 217]_batch_size_32.pth",0.06476683937823834,6460,36.49226006191951,394,MRT_DR_O,1.0,ok,,394,1.0,0,0.0,0,0.0,0,0.0,0,0.0,0,0.0,0,0.0,0,0.0,0,0.0
j50_m15_ddt1.5_arr200_seed808,outputs/expanded-dense-multiseed-20260721/dense/test/datasets/j50_m15_ddt1.5_arr200_seed808.ini,33,"outputs/expanded-dense-multiseed-20260721/dense/agents/seed-33/Best_agent_hidden_layers_7neurons_per_layer_[207, 145, 78, 79, 205, 105, 217]_batch_size_32.pth",0.14690721649484537,5260,44.49936628643853,393,MRT_DR_O,1.0,ok,,393,1.0,0,0.0,0,0.0,0,0.0,0,0.0,0,0.0,0,0.0,0,0.0,0,0.0
j50_m15_ddt1.5_arr200_seed909,outputs/expanded-dense-multiseed-20260721/dense/test/datasets/j50_m15_ddt1.5_arr200_seed909.ini,33,"outputs/expanded-dense-multiseed-20260721/dense/agents/seed-33/Best_agent_hidden_layers_7neurons_per_layer_[207, 145, 78, 79, 205, 105, 217]_batch_size_32.pth",0.1407035175879397,6292,38.0610298792117,404,MRT_DR_O,1.0,ok,,404,1.0,0,0.0,0,0.0,0,0.0,0,0.0,0,0.0,0,0.0,0,0.0,0,0.0
j50_m15_ddt1.5_arr50_seed707,outputs/expanded-dense-multiseed-20260721/dense/test/datasets/j50_m15_ddt1.5_arr50_seed707.ini,33,"outputs/expanded-dense-multiseed-20260721/dense/agents/seed-33/Best_agent_hidden_layers_7neurons_per_layer_[207, 145, 78, 79, 205, 105, 217]_batch_size_32.pth",0.24093264248704663,2938,81.23893805309736,395,MRT_DR_O,1.0,ok,,395,1.0,0,0.0,0,0.0,0,0.0,0,0.0,0,0.0,0,0.0,0,0.0,0,0.0
j50_m15_ddt1.5_arr50_seed808,outputs/expanded-dense-multiseed-20260721/dense/test/datasets/j50_m15_ddt1.5_arr50_seed808.ini,33,"outputs/expanded-dense-multiseed-20260721/dense/agents/seed-33/Best_agent_hidden_layers_7neurons_per_layer_[207, 145, 78, 79, 205, 105, 217]_batch_size_32.pth",0.39690721649484534,2625,89.25175491430761,394,MRT_DR_O,1.0,ok,,394,1.0,0,0.0,0,0.0,0,0.0,0,0.0,0,0.0,0,0.0,0,0.0,0,0.0
j50_m15_ddt1.5_arr50_seed909,outputs/expanded-dense-multiseed-20260721/dense/test/datasets/j50_m15_ddt1.5_arr50_seed909.ini,33,"outputs/expanded-dense-multiseed-20260721/dense/agents/seed-33/Best_agent_hidden_layers_7neurons_per_layer_[207, 145, 78, 79, 205, 105, 217]_batch_size_32.pth",0.3341708542713568,3185,76.01465201465201,409,MRT_DR_O,1.0,ok,,409,1.0,0,0.0,0,0.0,0,0.0,0,0.0,0,0.0,0,0.0,0,0.0,0,0.0
j50_m15_ddt1_arr100_seed707,outputs/expanded-dense-multiseed-20260721/dense/test/datasets/j50_m15_ddt1_arr100_seed707.ini,33,"outputs/expanded-dense-multiseed-20260721/dense/agents/seed-33/Best_agent_hidden_layers_7neurons_per_layer_[207, 145, 78, 79, 205, 105, 217]_batch_size_32.pth",0.2538860103626943,3575,66.65361305361306,393,MRT_DR_O,1.0,ok,,393,1.0,0,0.0,0,0.0,0,0.0,0,0.0,0,0.0,0,0.0,0,0.0,0,0.0
j50_m15_ddt1_arr100_seed808,outputs/expanded-dense-multiseed-20260721/dense/test/datasets/j50_m15_ddt1_arr100_seed808.ini,33,"outputs/expanded-dense-multiseed-20260721/dense/agents/seed-33/Best_agent_hidden_layers_7neurons_per_layer_[207, 145, 78, 79, 205, 105, 217]_batch_size_32.pth",0.3917525773195876,2966,79.68757024050348,394,MRT_DR_O,1.0,ok,,394,1.0,0,0.0,0,0.0,0,0.0,0,0.0,0,0.0,0,0.0,0,0.0,0,0.0
j50_m15_ddt1_arr100_seed909,outputs/expanded-dense-multiseed-20260721/dense/test/datasets/j50_m15_ddt1_arr100_seed909.ini,33,"outputs/expanded-dense-multiseed-20260721/dense/agents/seed-33/Best_agent_hidden_layers_7neurons_per_layer_[207, 145, 78, 79, 205, 105, 217]_batch_size_32.pth",0.32663316582914576,3518,67.54405912450258,406,MRT_DR_O,1.0,ok,,406,1.0,0,0.0,0,0.0,0,0.0,0,0.0,0,0.0,0,0.0,0,0.0,0,0.0
j50_m15_ddt1_arr200_seed707,outputs/expanded-dense-multiseed-20260721/dense/test/datasets/j50_m15_ddt1_arr200_seed707.ini,33,"outputs/expanded-dense-multiseed-20260721/dense/agents/seed-33/Best_agent_hidden_layers_7neurons_per_layer_[207, 145, 78, 79, 205, 105, 217]_batch_size_32.pth",0.21502590673575128,6460,36.49226006191951,394,MRT_DR_O,1.0,ok,,394,1.0,0,0.0,0,0.0,0,0.0,0,0.0,0,0.0,0,0.0,0,0.0,0,0.0
j50_m15_ddt1_arr200_seed808,outputs/expanded-dense-multiseed-20260721/dense/test/datasets/j50_m15_ddt1_arr200_seed808.ini,33,"outputs/expanded-dense-multiseed-20260721/dense/agents/seed-33/Best_agent_hidden_layers_7neurons_per_layer_[207, 145, 78, 79, 205, 105, 217]_batch_size_32.pth",0.2654639175257732,5260,44.49936628643853,393,MRT_DR_O,1.0,ok,,393,1.0,0,0.0,0,0.0,0,0.0,0,0.0,0,0.0,0,0.0,0,0.0,0,0.0
j50_m15_ddt1_arr200_seed909,outputs/expanded-dense-multiseed-20260721/dense/test/datasets/j50_m15_ddt1_arr200_seed909.ini,33,"outputs/expanded-dense-multiseed-20260721/dense/agents/seed-33/Best_agent_hidden_layers_7neurons_per_layer_[207, 145, 78, 79, 205, 105, 217]_batch_size_32.pth",0.2814070351758794,6292,38.0610298792117,404,MRT_DR_O,1.0,ok,,404,1.0,0,0.0,0,0.0,0,0.0,0,0.0,0,0.0,0,0.0,0,0.0,0,0.0
j50_m15_ddt1_arr50_seed707,outputs/expanded-dense-multiseed-20260721/dense/test/datasets/j50_m15_ddt1_arr50_seed707.ini,33,"outputs/expanded-dense-multiseed-20260721/dense/agents/seed-33/Best_agent_hidden_layers_7neurons_per_layer_[207, 145, 78, 79, 205, 105, 217]_batch_size_32.pth",0.36787564766839376,2938,81.23893805309736,395,MRT_DR_O,1.0,ok,,395,1.0,0,0.0,0,0.0,0,0.0,0,0.0,0,0.0,0,0.0,0,0.0,0,0.0
j50_m15_ddt1_arr50_seed808,outputs/expanded-dense-multiseed-20260721/dense/test/datasets/j50_m15_ddt1_arr50_seed808.ini,33,"outputs/expanded-dense-multiseed-20260721/dense/agents/seed-33/Best_agent_hidden_layers_7neurons_per_layer_[207, 145, 78, 79, 205, 105, 217]_batch_size_32.pth",0.49742268041237114,2625,89.25175491430761,394,MRT_DR_O,1.0,ok,,394,1.0,0,0.0,0,0.0,0,0.0,0,0.0,0,0.0,0,0.0,0,0.0,0,0.0
j50_m15_ddt1_arr50_seed909,outputs/expanded-dense-multiseed-20260721/dense/test/datasets/j50_m15_ddt1_arr50_seed909.ini,33,"outputs/expanded-dense-multiseed-20260721/dense/agents/seed-33/Best_agent_hidden_layers_7neurons_per_layer_[207, 145, 78, 79, 205, 105, 217]_batch_size_32.pth",0.4396984924623116,3185,76.01465201465201,409,MRT_DR_O,1.0,ok,,409,1.0,0,0.0,0,0.0,0,0.0,0,0.0,0,0.0,0,0.0,0,0.0,0,0.0
